"CURRENCY","RATE_DATE","FX_RATE_TO_EUR"
"GBP",2024-04-13,1.18206178
"GBP",2024-04-14,1.17325438
"GBP",2024-04-15,1.19585997
"GBP",2024-04-16,1.15593275
"GBP",2024-04-17,1.19305729
"GBP",2024-04-18,1.18930721
"GBP",2024-04-19,1.13072269
"GBP",2024-04-20,1.17441369
"GBP",2024-04-21,1.16483251
"GBP",2024-04-22,1.20716225
"GBP",2024-04-23,1.20803125
"GBP",2024-04-24,1.19516544
"GBP",2024-04-25,1.13593431
"GBP",2024-04-26,1.14478538
"GBP",2024-04-27,1.1604001
"GBP",2024-04-28,1.16792836
"GBP",2024-04-29,1.14082826
"GBP",2024-04-30,1.13615885
"GBP",2024-05-01,1.20185091
"GBP",2024-05-02,1.14947839
"GBP",2024-05-03,1.20454284
"GBP",2024-05-04,1.15273234
"GBP",2024-05-05,1.1535585
"GBP",2024-05-06,1.19215501
"GBP",2024-05-07,1.20079391
"GBP",2024-05-08,1.19976875
"GBP",2024-05-09,1.14897112
"GBP",2024-05-10,1.14082555
"GBP",2024-05-11,1.17297454
"GBP",2024-05-12,1.17881265
"GBP",2024-05-13,1.13102497
"GBP",2024-05-14,1.16476365
"GBP",2024-05-15,1.1388043
"GBP",2024-05-16,1.13341252
"GBP",2024-05-17,1.19354236
"GBP",2024-05-18,1.16554187
"GBP",2024-05-19,1.13694994
"GBP",2024-05-20,1.16098496
"GBP",2024-05-21,1.16627035
"GBP",2024-05-22,1.13050635
"GBP",2024-05-23,1.17785453
"GBP",2024-05-24,1.1440477
"GBP",2024-05-25,1.16037448
"GBP",2024-05-26,1.16847752
"GBP",2024-05-27,1.18973834
"GBP",2024-05-28,1.13960449
"GBP",2024-05-29,1.20041088
"GBP",2024-05-30,1.16466599
"GBP",2024-05-31,1.20339611
"GBP",2024-06-01,1.16497166
"GBP",2024-06-02,1.18759633
"GBP",2024-06-03,1.20873058
"GBP",2024-06-04,1.16302082
"GBP",2024-06-05,1.17528861
"GBP",2024-06-06,1.13467848
"GBP",2024-06-07,1.17285569
"GBP",2024-06-08,1.16302313
"GBP",2024-06-09,1.13483109
"GBP",2024-06-10,1.16675829
"GBP",2024-06-11,1.15603183
"GBP",2024-06-12,1.15811986
"GBP",2024-06-13,1.13174765
"GBP",2024-06-14,1.20917734
"GBP",2024-06-15,1.17363681
"GBP",2024-06-16,1.13057477
"GBP",2024-06-17,1.19157361
"GBP",2024-06-18,1.1507073
"GBP",2024-06-19,1.14288425
"GBP",2024-06-20,1.17577035
"GBP",2024-06-21,1.19667044
"GBP",2024-06-22,1.16843471
"GBP",2024-06-23,1.1886828
"GBP",2024-06-24,1.15020655
"GBP",2024-06-25,1.15222539
"GBP",2024-06-26,1.1879559
"GBP",2024-06-27,1.18428118
"GBP",2024-06-28,1.16233683
"GBP",2024-06-29,1.14396938
"GBP",2024-06-30,1.146821
"GBP",2024-07-01,1.19419002
"GBP",2024-07-02,1.15474041
"GBP",2024-07-03,1.20656745
"GBP",2024-07-04,1.13955613
"GBP",2024-07-05,1.20599536
"GBP",2024-07-06,1.14410126
"GBP",2024-07-07,1.13570344
"GBP",2024-07-08,1.20761934
"GBP",2024-07-09,1.17182743
"GBP",2024-07-10,1.13824361
"GBP",2024-07-11,1.15030065
"GBP",2024-07-12,1.19157369
"GBP",2024-07-13,1.1650698
"GBP",2024-07-14,1.16273262
"GBP",2024-07-15,1.16544769
"GBP",2024-07-16,1.17414316
"GBP",2024-07-17,1.1784293
"GBP",2024-07-18,1.20562131
"GBP",2024-07-19,1.18108178
"GBP",2024-07-20,1.18136177
"GBP",2024-07-21,1.15550869
"GBP",2024-07-22,1.20627494
"GBP",2024-07-23,1.15884559
"GBP",2024-07-24,1.14334879
"GBP",2024-07-25,1.14360266
"GBP",2024-07-26,1.18719706
"GBP",2024-07-27,1.16555223
"GBP",2024-07-28,1.18301176
"GBP",2024-07-29,1.19535765
"GBP",2024-07-30,1.18925799
"GBP",2024-07-31,1.15149948
"GBP",2024-08-01,1.15704571
"GBP",2024-08-02,1.18776353
"GBP",2024-08-03,1.13139854
"GBP",2024-08-04,1.17631442
"GBP",2024-08-05,1.15202718
"GBP",2024-08-06,1.17222111
"GBP",2024-08-07,1.1374511
"GBP",2024-08-08,1.20679668
"GBP",2024-08-09,1.13546424
"GBP",2024-08-10,1.13881838
"GBP",2024-08-11,1.13187426
"GBP",2024-08-12,1.132281
"GBP",2024-08-13,1.17795406
"GBP",2024-08-14,1.20850297
"GBP",2024-08-15,1.15211814
"GBP",2024-08-16,1.13257787
"GBP",2024-08-17,1.1571121
"GBP",2024-08-18,1.14582786
"GBP",2024-08-19,1.20330718
"GBP",2024-08-20,1.15931767
"GBP",2024-08-21,1.20978987
"GBP",2024-08-22,1.15861177
"GBP",2024-08-23,1.17281498
"GBP",2024-08-24,1.16016979
"GBP",2024-08-25,1.20779268
"GBP",2024-08-26,1.13193747
"GBP",2024-08-27,1.16211968
"GBP",2024-08-28,1.19256789
"GBP",2024-08-29,1.191353
"GBP",2024-08-30,1.20335925
"GBP",2024-08-31,1.15720293
"GBP",2024-09-01,1.15466505
"GBP",2024-09-02,1.14959097
"GBP",2024-09-03,1.13964216
"GBP",2024-09-04,1.19661507
"GBP",2024-09-05,1.13360088
"GBP",2024-09-06,1.20729092
"GBP",2024-09-07,1.17018372
"GBP",2024-09-08,1.16224438
"GBP",2024-09-09,1.1796074
"GBP",2024-09-10,1.18724767
"GBP",2024-09-11,1.20749557
"GBP",2024-09-12,1.18336278
"GBP",2024-09-13,1.14931583
"GBP",2024-09-14,1.15401166
"GBP",2024-09-15,1.14839308
"GBP",2024-09-16,1.16142346
"GBP",2024-09-17,1.17046089
"GBP",2024-09-18,1.15943052
"GBP",2024-09-19,1.18050423
"GBP",2024-09-20,1.19486991
"GBP",2024-09-21,1.18280163
"GBP",2024-09-22,1.14396942
"GBP",2024-09-23,1.15207297
"GBP",2024-09-24,1.18166928
"GBP",2024-09-25,1.15483839
"GBP",2024-09-26,1.189701
"GBP",2024-09-27,1.16351823
"GBP",2024-09-28,1.15888231
"GBP",2024-09-29,1.13338019
"GBP",2024-09-30,1.16558036
"GBP",2024-10-01,1.16465402
"GBP",2024-10-02,1.15146173
"GBP",2024-10-03,1.15505521
"GBP",2024-10-04,1.14846053
"GBP",2024-10-05,1.19848933
"GBP",2024-10-06,1.13588188
"GBP",2024-10-07,1.17524498
"GBP",2024-10-08,1.16868668
"GBP",2024-10-09,1.18436251
"GBP",2024-10-10,1.18218527
"GBP",2024-10-11,1.13435977
"GBP",2024-10-12,1.14332342
"GBP",2024-10-13,1.17666996
"GBP",2024-10-14,1.1786335
"GBP",2024-10-15,1.15380153
"GBP",2024-10-16,1.17700485
"GBP",2024-10-17,1.20423844
"GBP",2024-10-18,1.20063068
"GBP",2024-10-19,1.15722321
"GBP",2024-10-20,1.1824417
"GBP",2024-10-21,1.14698959
"GBP",2024-10-22,1.16536952
"GBP",2024-10-23,1.20532243
"GBP",2024-10-24,1.14543222
"GBP",2024-10-25,1.2088722
"GBP",2024-10-26,1.17950344
"GBP",2024-10-27,1.20929197
"GBP",2024-10-28,1.17316038
"GBP",2024-10-29,1.14549738
"GBP",2024-10-30,1.13698107
"GBP",2024-10-31,1.16287128
"GBP",2024-11-01,1.20483774
"GBP",2024-11-02,1.18370611
"GBP",2024-11-03,1.20466261
"GBP",2024-11-04,1.20570821
"GBP",2024-11-05,1.19598489
"GBP",2024-11-06,1.18924466
"GBP",2024-11-07,1.1945608
"GBP",2024-11-08,1.19269834
"GBP",2024-11-09,1.20275559
"GBP",2024-11-10,1.13360874
"GBP",2024-11-11,1.17482066
"GBP",2024-11-12,1.17275395
"GBP",2024-11-13,1.14717419
"GBP",2024-11-14,1.16350341
"GBP",2024-11-15,1.20660316
"GBP",2024-11-16,1.19097427
"GBP",2024-11-17,1.14631141
"GBP",2024-11-18,1.17229996
"GBP",2024-11-19,1.1820616
"GBP",2024-11-20,1.1621427
"GBP",2024-11-21,1.18050782
"GBP",2024-11-22,1.19425183
"GBP",2024-11-23,1.20870261
"GBP",2024-11-24,1.18101258
"GBP",2024-11-25,1.16352623
"GBP",2024-11-26,1.20096517
"GBP",2024-11-27,1.15434717
"GBP",2024-11-28,1.19162091
"GBP",2024-11-29,1.13398671
"GBP",2024-11-30,1.14286294
"GBP",2024-12-01,1.20811625
"GBP",2024-12-02,1.16352443
"GBP",2024-12-03,1.15806862
"GBP",2024-12-04,1.17684788
"GBP",2024-12-05,1.13006798
"GBP",2024-12-06,1.20930832
"GBP",2024-12-07,1.15591461
"GBP",2024-12-08,1.16319431
"GBP",2024-12-09,1.13649987
"GBP",2024-12-10,1.16976044
"GBP",2024-12-11,1.20784718
"GBP",2024-12-12,1.16545134
"GBP",2024-12-13,1.19997715
"GBP",2024-12-14,1.19961589
"GBP",2024-12-15,1.180493
"GBP",2024-12-16,1.16197268
"GBP",2024-12-17,1.18629669
"GBP",2024-12-18,1.16174363
"GBP",2024-12-19,1.17117216
"GBP",2024-12-20,1.15156503
"GBP",2024-12-21,1.16143467
"GBP",2024-12-22,1.1436682
"GBP",2024-12-23,1.20974921
"GBP",2024-12-24,1.13568368
"GBP",2024-12-25,1.13388386
"GBP",2024-12-26,1.15836397
"GBP",2024-12-27,1.17467128
"GBP",2024-12-28,1.14900978
"GBP",2024-12-29,1.18732912
"GBP",2024-12-30,1.1999716
"GBP",2024-12-31,1.2021076
"GBP",2025-01-01,1.19267706
"GBP",2025-01-02,1.14622277
"GBP",2025-01-03,1.15082421
"GBP",2025-01-04,1.18045662
"GBP",2025-01-05,1.17488863
"GBP",2025-01-06,1.17206227
"GBP",2025-01-07,1.1730888
"GBP",2025-01-08,1.19669771
"GBP",2025-01-09,1.13310303
"GBP",2025-01-10,1.15073471
"GBP",2025-01-11,1.14415859
"GBP",2025-01-12,1.20775129
"GBP",2025-01-13,1.17203875
"GBP",2025-01-14,1.15175859
"GBP",2025-01-15,1.15100081
"GBP",2025-01-16,1.14622451
"GBP",2025-01-17,1.18499931
"GBP",2025-01-18,1.13275621
"GBP",2025-01-19,1.20469839
"GBP",2025-01-20,1.1425302
"GBP",2025-01-21,1.18578184
"GBP",2025-01-22,1.20528912
"GBP",2025-01-23,1.13373592
"GBP",2025-01-24,1.14854662
"GBP",2025-01-25,1.13200011
"GBP",2025-01-26,1.19188839
"GBP",2025-01-27,1.2027399
"GBP",2025-01-28,1.19585766
"GBP",2025-01-29,1.1873971
"GBP",2025-01-30,1.19927992
"GBP",2025-01-31,1.14802221
"GBP",2025-02-01,1.14587137
"GBP",2025-02-02,1.15272263
"GBP",2025-02-03,1.19058465
"GBP",2025-02-04,1.1783038
"GBP",2025-02-05,1.13033997
"GBP",2025-02-06,1.16203942
"GBP",2025-02-07,1.16270469
"GBP",2025-02-08,1.16719071
"GBP",2025-02-09,1.16507571
"GBP",2025-02-10,1.2070314
"GBP",2025-02-11,1.17590222
"GBP",2025-02-12,1.16892345
"GBP",2025-02-13,1.19360378
"GBP",2025-02-14,1.18319326
"GBP",2025-02-15,1.16466901
"GBP",2025-02-16,1.14597372
"GBP",2025-02-17,1.19068299
"GBP",2025-02-18,1.13664007
"GBP",2025-02-19,1.15306235
"GBP",2025-02-20,1.18720148
"GBP",2025-02-21,1.20479162
"GBP",2025-02-22,1.18261824
"GBP",2025-02-23,1.20370752
"GBP",2025-02-24,1.14065422
"GBP",2025-02-25,1.19467717
"GBP",2025-02-26,1.20811116
"GBP",2025-02-27,1.14356411
"GBP",2025-02-28,1.16631428
"GBP",2025-03-01,1.15228573
"GBP",2025-03-02,1.16134219
"GBP",2025-03-03,1.19111101
"GBP",2025-03-04,1.13256908
"GBP",2025-03-05,1.15582566
"GBP",2025-03-06,1.13131936
"GBP",2025-03-07,1.19246239
"GBP",2025-03-08,1.20809126
"GBP",2025-03-09,1.20407817
"GBP",2025-03-10,1.18446329
"GBP",2025-03-11,1.18819153
"GBP",2025-03-12,1.18130022
"GBP",2025-03-13,1.18203071
"GBP",2025-03-14,1.17865843
"GBP",2025-03-15,1.16362183
"GBP",2025-03-16,1.20613398
"GBP",2025-03-17,1.1589751
"GBP",2025-03-18,1.15995813
"GBP",2025-03-19,1.14970963
"HUF",2025-03-20,0.00279615
"HUF",2025-03-21,0.0024432
"HUF",2025-03-22,0.00242475
"HUF",2025-03-23,0.00264971
"HUF",2025-03-24,0.00270325
"HUF",2025-03-25,0.00255008
"HUF",2025-03-26,0.00271494
"HUF",2025-03-27,0.00254338
"HUF",2025-03-28,0.00240274
"HUF",2025-03-29,0.00250417
"HUF",2025-03-30,0.00277074
"HUF",2025-03-31,0.00242309
"HUF",2025-04-01,0.00251313
"HUF",2025-04-02,0.00271691
"HUF",2025-04-03,0.00246908
"HUF",2025-04-04,0.0025988
"HUF",2025-04-05,0.00270451
"HUF",2025-04-06,0.00279175
"HUF",2025-04-07,0.00254182
"HUF",2025-04-08,0.00258507
"HUF",2025-04-09,0.00268841
"HUF",2025-04-10,0.00253828
"HUF",2025-04-11,0.0024643
"HUF",2025-04-12,0.00273637
"HUF",2025-04-13,0.00256357
"HUF",2025-04-14,0.00267649
"HUF",2025-04-15,0.00268342
"HUF",2025-04-16,0.00266668
"HUF",2025-04-17,0.00251883
"HUF",2025-04-18,0.00241288
"HUF",2025-04-19,0.00246709
"HUF",2025-04-20,0.00244942
"HUF",2025-04-21,0.00276659
"HUF",2025-04-22,0.00241531
"HUF",2025-04-23,0.00271753
"HUF",2025-04-24,0.00248482
"HUF",2025-04-25,0.00266151
"HUF",2025-04-26,0.00247165
"HUF",2025-04-27,0.00244894
"HUF",2025-04-28,0.00241559
"HUF",2025-04-29,0.0026333
"HUF",2025-04-30,0.00277734
"HUF",2025-05-01,0.0027354
"HUF",2025-05-02,0.00250358
"HUF",2025-05-03,0.0026873
"HUF",2025-05-04,0.00274139
"HUF",2025-05-05,0.00248976
"HUF",2025-05-06,0.00256101
"HUF",2025-05-07,0.00265191
"HUF",2025-05-08,0.00278512
"HUF",2025-05-09,0.00275318
"HUF",2025-05-10,0.00266908
"HUF",2025-05-11,0.00268316
"HUF",2025-05-12,0.00261409
"HUF",2025-05-13,0.00243492
"HUF",2025-05-14,0.00255972
"HUF",2025-05-15,0.00271969
"HUF",2025-05-16,0.00270817
"HUF",2025-05-17,0.00251638
"HUF",2025-05-18,0.00242208
"HUF",2025-05-19,0.00256296
"HUF",2025-05-20,0.00278202
"HUF",2025-05-21,0.0025928
"HUF",2025-05-22,0.00276933
"HUF",2025-05-23,0.00251948
"HUF",2025-05-24,0.00268827
"HUF",2025-05-25,0.00250791
"HUF",2025-05-26,0.00277463
"HUF",2025-05-27,0.00278856
"HUF",2025-05-28,0.00251802
"HUF",2025-05-29,0.00261439
"HUF",2025-05-30,0.0025378
"HUF",2025-05-31,0.00276909
"HUF",2025-06-01,0.00247723
"HUF",2025-06-02,0.00268866
"HUF",2025-06-03,0.00257571
"HUF",2025-06-04,0.00247968
"HUF",2025-06-05,0.00255406
"HUF",2025-06-06,0.00249738
"HUF",2025-06-07,0.00241548
"HUF",2025-06-08,0.00266161
"HUF",2025-06-09,0.0026366
"HUF",2025-06-10,0.00253576
"HUF",2025-06-11,0.00240199
"HUF",2025-06-12,0.00262698
"HUF",2025-06-13,0.002502
"HUF",2025-06-14,0.00260914
"HUF",2025-06-15,0.00268628
"HUF",2025-06-16,0.00272348
"HUF",2025-06-17,0.00243391
"HUF",2025-06-18,0.0025069
"HUF",2025-06-19,0.00242446
"HUF",2025-06-20,0.00245367
"HUF",2025-06-21,0.00264174
"HUF",2025-06-22,0.00278492
"HUF",2025-06-23,0.00275278
"HUF",2025-06-24,0.00266561
"HUF",2025-06-25,0.00244331
"HUF",2025-06-26,0.00247822
"HUF",2025-06-27,0.00267586
"HUF",2025-06-28,0.00245941
"HUF",2025-06-29,0.00270414
"HUF",2025-06-30,0.00269881
"HUF",2025-07-01,0.002621
"HUF",2025-07-02,0.00246234
"HUF",2025-07-03,0.00264184
"HUF",2025-07-04,0.00244479
"HUF",2025-07-05,0.00276284
"HUF",2025-07-06,0.00276815
"HUF",2025-07-07,0.0025323
"HUF",2025-07-08,0.00257519
"HUF",2025-07-09,0.0025813
"HUF",2025-07-10,0.00254478
"HUF",2025-07-11,0.00265214
"HUF",2025-07-12,0.00242407
"HUF",2025-07-13,0.00278993
"HUF",2025-07-14,0.00248403
"HUF",2025-07-15,0.00240194
"HUF",2025-07-16,0.00265561
"HUF",2025-07-17,0.00244296
"HUF",2025-07-18,0.00272218
"HUF",2025-07-19,0.00261481
"HUF",2025-07-20,0.0027991
"HUF",2025-07-21,0.00244223
"HUF",2025-07-22,0.00275975
"HUF",2025-07-23,0.0025993
"HUF",2025-07-24,0.00249058
"HUF",2025-07-25,0.00263471
"HUF",2025-07-26,0.00252054
"HUF",2025-07-27,0.00276688
"HUF",2025-07-28,0.00245156
"HUF",2025-07-29,0.00253909
"HUF",2025-07-30,0.0024582
"HUF",2025-07-31,0.00279619
"HUF",2025-08-01,0.00263648
"HUF",2025-08-02,0.00272395
"HUF",2025-08-03,0.00247844
"HUF",2025-08-04,0.00258055
"HUF",2025-08-05,0.00276483
"HUF",2025-08-06,0.00259513
"HUF",2025-08-07,0.0026343
"HUF",2025-08-08,0.00278433
"HUF",2025-08-09,0.00246758
"HUF",2025-08-10,0.00246826
"HUF",2025-08-11,0.00268605
"HUF",2025-08-12,0.00253097
"HUF",2025-08-13,0.0024144
"HUF",2025-08-14,0.0025377
"HUF",2025-08-15,0.00264368
"HUF",2025-08-16,0.00264053
"HUF",2025-08-17,0.00279574
"HUF",2025-08-18,0.00258779
"HUF",2025-08-19,0.00265812
"HUF",2025-08-20,0.00247732
"HUF",2025-08-21,0.00271808
"HUF",2025-08-22,0.00241917
"HUF",2025-08-23,0.00250345
"HUF",2025-08-24,0.00278939
"HUF",2025-08-25,0.00245571
"HUF",2025-08-26,0.00258288
"HUF",2025-08-27,0.00260872
"HUF",2025-08-28,0.00249635
"HUF",2025-08-29,0.00250192
"HUF",2025-08-30,0.00242636
"HUF",2025-08-31,0.00252849
"HUF",2025-09-01,0.00241167
"HUF",2025-09-02,0.00250525
"HUF",2025-09-03,0.00262322
"HUF",2025-09-04,0.00243269
"HUF",2025-09-05,0.0027889
"HUF",2025-09-06,0.00258506
"HUF",2025-09-07,0.00271833
"HUF",2025-09-08,0.00278627
"HUF",2025-09-09,0.00272319
"HUF",2025-09-10,0.00251123
"HUF",2025-09-11,0.00260824
"HUF",2025-09-12,0.00274578
"HUF",2025-09-13,0.0024135
"HUF",2025-09-14,0.00257992
"HUF",2025-09-15,0.00260343
"HUF",2025-09-16,0.00243983
"HUF",2025-09-17,0.00248632
"HUF",2025-09-18,0.0024225
"HUF",2025-09-19,0.00277865
"HUF",2025-09-20,0.00244419
"HUF",2025-09-21,0.00276965
"HUF",2025-09-22,0.00255825
"HUF",2025-09-23,0.00256165
"HUF",2025-09-24,0.00278558
"HUF",2025-09-25,0.00269219
"HUF",2025-09-26,0.00250683
"HUF",2025-09-27,0.00268716
"HUF",2025-09-28,0.0026769
"HUF",2025-09-29,0.00246675
"HUF",2025-09-30,0.00262148
"HUF",2025-10-01,0.00276278
"HUF",2025-10-02,0.002796
"HUF",2025-10-03,0.00257283
"HUF",2025-10-04,0.00269149
"HUF",2025-10-05,0.00271874
"HUF",2025-10-06,0.00251987
"HUF",2025-10-07,0.00259946
"HUF",2025-10-08,0.00245602
"HUF",2025-10-09,0.00262994
"HUF",2025-10-10,0.00256372
"HUF",2025-10-11,0.00250696
"HUF",2025-10-12,0.00279603
"HUF",2025-10-13,0.00260389
"HUF",2025-10-14,0.00249081
"HUF",2025-10-15,0.00249801
"HUF",2025-10-16,0.0026226
"HUF",2025-10-17,0.00254328
"HUF",2025-10-18,0.00247571
"HUF",2025-10-19,0.00247821
"HUF",2025-10-20,0.00256153
"HUF",2025-10-21,0.00265291
"HUF",2025-10-22,0.002466
"HUF",2025-10-23,0.00266018
"HUF",2025-10-24,0.00258801
"HUF",2025-10-25,0.00251407
"HUF",2025-10-26,0.00270386
"HUF",2025-10-27,0.00261207
"HUF",2025-10-28,0.00251039
"HUF",2025-10-29,0.00270958
"HUF",2025-10-30,0.00245565
"HUF",2025-10-31,0.00240654
"HUF",2025-11-01,0.00268111
"HUF",2025-11-02,0.00278226
"HUF",2025-11-03,0.00249602
"HUF",2025-11-04,0.00240271
"HUF",2025-11-05,0.00252698
"HUF",2025-11-06,0.00246564
"HUF",2025-11-07,0.00261295
"HUF",2025-11-08,0.00263595
"HUF",2025-11-09,0.00243337
"HUF",2025-11-10,0.00260355
"HUF",2025-11-11,0.00259328
"HUF",2025-11-12,0.00241853
"HUF",2025-11-13,0.00258255
"HUF",2025-11-14,0.002535
"HUF",2025-11-15,0.00246765
"HUF",2025-11-16,0.00278085
"HUF",2025-11-17,0.00270493
"HUF",2025-11-18,0.00246129
"HUF",2025-11-19,0.00277039
"HUF",2025-11-20,0.00266835
"HUF",2025-11-21,0.00254007
"HUF",2025-11-22,0.0027429
"HUF",2025-11-23,0.00272693
"HUF",2025-11-24,0.00240949
"HUF",2025-11-25,0.00247685
"HUF",2025-11-26,0.00269985
"HUF",2025-11-27,0.00278491
"HUF",2025-11-28,0.00240187
"HUF",2025-11-29,0.00262832
"HUF",2025-11-30,0.00257552
"HUF",2025-12-01,0.002606
"HUF",2025-12-02,0.00273713
"HUF",2025-12-03,0.0026122
"HUF",2025-12-04,0.00265974
"HUF",2025-12-05,0.00250967
"HUF",2025-12-06,0.00252301
"HUF",2025-12-07,0.00266954
"HUF",2025-12-08,0.00270377
"HUF",2025-12-09,0.00273396
"HUF",2025-12-10,0.00265597
"HUF",2025-12-11,0.00274683
"HUF",2025-12-12,0.00266899
"HUF",2025-12-13,0.00249674
"HUF",2025-12-14,0.00274407
"HUF",2025-12-15,0.00278792
"HUF",2025-12-16,0.00253365
"HUF",2025-12-17,0.00264103
"HUF",2025-12-18,0.00249294
"HUF",2025-12-19,0.00257536
"HUF",2025-12-20,0.00267425
"HUF",2025-12-21,0.00248043
"HUF",2025-12-22,0.00265046
"HUF",2025-12-23,0.00265248
"HUF",2025-12-24,0.00278258
"HUF",2025-12-25,0.00241604
"HUF",2025-12-26,0.00275796
"HUF",2025-12-27,0.00268212
"HUF",2025-12-28,0.00248093
"HUF",2025-12-29,0.00240458
"HUF",2025-12-30,0.0027553
"HUF",2025-12-31,0.00264117
"HUF",2026-01-01,0.00241896
"HUF",2026-01-02,0.00257308
"HUF",2026-01-03,0.00264557
"HUF",2026-01-04,0.00246329
"HUF",2026-01-05,0.00270296
"HUF",2026-01-06,0.00254154
"HUF",2026-01-07,0.00245208
"HUF",2026-01-08,0.00243877
"HUF",2026-01-09,0.00240161
"HUF",2026-01-10,0.00263681
"HUF",2026-01-11,0.00265176
"HUF",2026-01-12,0.00273028
"HUF",2026-01-13,0.00246713
"HUF",2026-01-14,0.00261243
"HUF",2026-01-15,0.00252799
"HUF",2026-01-16,0.00247655
"HUF",2026-01-17,0.00256796
"HUF",2026-01-18,0.00250243
"HUF",2026-01-19,0.00265221
"HUF",2026-01-20,0.0025741
"HUF",2026-01-21,0.00246533
"HUF",2026-01-22,0.00265233
"HUF",2026-01-23,0.0024808
"HUF",2026-01-24,0.0025581
"HUF",2026-01-25,0.00262204
"HUF",2026-01-26,0.00269509
"HUF",2026-01-27,0.00249432
"HUF",2026-01-28,0.00274067
"HUF",2026-01-29,0.00251426
"HUF",2026-01-30,0.0024783
"HUF",2026-01-31,0.0025107
"HUF",2026-02-01,0.00272272
"HUF",2026-02-02,0.00250704
"HUF",2026-02-03,0.00250154
"HUF",2026-02-04,0.00241012
"HUF",2026-02-05,0.00257195
"HUF",2026-02-06,0.00263828
"HUF",2026-02-07,0.00279616
"HUF",2026-02-08,0.00242668
"HUF",2026-02-09,0.00253526
"HUF",2026-02-10,0.00247784
"HUF",2026-02-11,0.0027447
"HUF",2026-02-12,0.00250564
"HUF",2026-02-13,0.00274138
"HUF",2026-02-14,0.00269286
"HUF",2026-02-15,0.00277845
"HUF",2026-02-16,0.00272902
"HUF",2026-02-17,0.00255054
"HUF",2026-02-18,0.00251846
"HUF",2026-02-19,0.00261017
"HUF",2026-02-20,0.00245622
"HUF",2026-02-21,0.00254626
"HUF",2026-02-22,0.00265691
"HUF",2026-02-23,0.0024361
"HUF",2026-02-24,0.00279927
"HUF",2026-02-25,0.002641
"HUF",2026-02-26,0.00246817
"HUF",2026-02-27,0.00273989
"HUF",2026-02-28,0.00240396
"HUF",2026-03-01,0.00241721
"HUF",2026-03-02,0.00261984
"HUF",2026-03-03,0.00256278
"HUF",2026-03-04,0.00276149
"HUF",2026-03-05,0.00250864
"HUF",2026-03-06,0.00273835
"HUF",2026-03-07,0.00266188
"HUF",2026-03-08,0.00250223
"HUF",2026-03-09,0.00270541
"HUF",2026-03-10,0.00260859
"HUF",2026-03-11,0.00255467
"HUF",2026-03-12,0.00261181
"HUF",2026-03-13,0.0026458
"HUF",2026-03-14,0.00244713
"HUF",2026-03-15,0.00275785
"HUF",2026-03-16,0.00251549
"HUF",2026-03-17,0.00275819
"HUF",2026-03-18,0.00263078
"HUF",2026-03-19,0.00240983
"HUF",2026-03-20,0.00270864
"HUF",2026-03-21,0.0027405
"HUF",2026-03-22,0.00250526
"HUF",2026-03-23,0.00255054
"HUF",2026-03-24,0.00248693
"HUF",2026-03-25,0.00277117
"HUF",2026-03-26,0.0025144
"HUF",2026-03-27,0.00250997
"HUF",2026-03-28,0.00256372
"HUF",2026-03-29,0.00257521
"HUF",2026-03-30,0.00244143
"HUF",2026-03-31,0.00241408
"HUF",2026-04-01,0.00258916
"HUF",2026-04-02,0.00245812
"HUF",2026-04-03,0.00255894
"HUF",2026-04-04,0.00278818
"HUF",2026-04-05,0.0026439
"HUF",2026-04-06,0.00241619
"HUF",2026-04-07,0.00260658
"HUF",2026-04-08,0.00260788
"HUF",2026-04-09,0.0026468
"HUF",2026-04-10,0.00250144
"HUF",2026-04-11,0.00253312
"HUF",2026-04-12,0.00254083
"HUF",2026-04-13,0.00279633
"HUF",2026-04-14,0.00256559
"HUF",2026-04-15,0.00256802
"HUF",2026-04-16,0.0025717
"HUF",2026-04-17,0.00250445
"HUF",2026-04-18,0.00248769
"HUF",2026-04-19,0.00244593
"HUF",2026-04-20,0.00270791
"HUF",2026-04-21,0.0025815
"HUF",2026-04-22,0.00257344
"HUF",2026-04-23,0.00249043
"HUF",2026-04-24,0.00249089
"HUF",2026-04-25,0.00278838
"HUF",2026-04-26,0.00273424
"HUF",2026-04-27,0.00267275
"HUF",2026-04-28,0.00252521
"HUF",2026-04-29,0.00268386
"HUF",2026-04-30,0.00277979
"HUF",2026-05-01,0.00267596
"HUF",2026-05-02,0.0026914
"HUF",2026-05-03,0.00276353
"HUF",2026-05-04,0.00276753
"HUF",2026-05-05,0.00254285
"HUF",2026-05-06,0.00245571
"HUF",2026-05-07,0.00266199
"HUF",2026-05-08,0.00265371
"HUF",2026-05-09,0.00256573
"HUF",2026-05-10,0.00276228
"HUF",2026-05-11,0.00245964
"HUF",2026-05-12,0.0027639
"HUF",2026-05-13,0.00255066
"HUF",2026-05-14,0.00270497
"HUF",2026-05-15,0.0025061
"HUF",2026-05-16,0.00267328
"HUF",2026-05-17,0.00272224
"HUF",2026-05-18,0.00259138
"HUF",2026-05-19,0.00245886
"HUF",2026-05-20,0.00256033
"HUF",2026-05-21,0.00241788
"HUF",2026-05-22,0.00274522
"HUF",2026-05-23,0.00274865
"HUF",2026-05-24,0.00253186
"HUF",2026-05-25,0.00250497
"HUF",2026-05-26,0.00257755
"HUF",2026-05-27,0.00279236
"HUF",2026-05-28,0.0024317
"HUF",2026-05-29,0.00251339
"HUF",2026-05-30,0.00252776
"HUF",2026-05-31,0.00279598
"HUF",2026-06-01,0.00248255
"HUF",2026-06-02,0.00249927
"HUF",2026-06-03,0.00261033
"HUF",2026-06-04,0.00246897
"HUF",2026-06-05,0.00267597
"HUF",2026-06-06,0.00259654
"HUF",2026-06-07,0.00265833
"HUF",2026-06-08,0.00241931
"HUF",2026-06-09,0.00273375
"HUF",2026-06-10,0.00253399
"HUF",2026-06-11,0.00256409
"HUF",2026-06-12,0.00245159
"HUF",2026-06-13,0.00259658
"HUF",2026-06-14,0.00261288
"HUF",2026-06-15,0.0026876
"HUF",2026-06-16,0.00244672
"HUF",2026-06-17,0.00241267
"HUF",2026-06-18,0.00268227
"HUF",2026-06-19,0.00244724
"HUF",2026-06-20,0.00249457
"HUF",2026-06-21,0.00269063
"HUF",2026-06-22,0.00247043
"HUF",2026-06-23,0.0026325
"HUF",2026-06-24,0.00251165
"HUF",2026-06-25,0.00278093
"HUF",2026-06-26,0.00246895
"HUF",2026-06-27,0.00275589
"HUF",2026-06-28,0.00279922
"HUF",2026-06-29,0.00265624
"HUF",2026-06-30,0.00258347
"HUF",2026-07-01,0.00265797
"HUF",2026-07-02,0.00273626
"HUF",2026-07-03,0.002665
"HUF",2026-07-04,0.00257261
"HUF",2026-07-05,0.00252861
"HUF",2026-07-06,0.00263987
"HUF",2026-07-07,0.0027472
"HUF",2026-07-08,0.0025633
"HUF",2026-07-09,0.00252541
"HUF",2026-07-10,0.00260703
"HUF",2026-07-11,0.00245623
"HUF",2026-07-12,0.00275547
"HUF",2026-07-13,0.00251045
"HUF",2026-07-14,0.00275691
"HUF",2026-07-15,0.00263075
"HUF",2026-07-16,0.00263282
"HUF",2026-07-17,0.00279537
"HUF",2026-07-18,0.00254453
"HUF",2026-07-19,0.00278724
"HUF",2026-07-20,0.00262479
"HUF",2026-07-21,0.00248693
"HUF",2026-07-22,0.00272232
"HUF",2026-07-23,0.00258382
"HUF",2026-07-24,0.00276026
"HUF",2026-07-25,0.00250763
"HUF",2026-07-26,0.00246348
"HUF",2026-07-27,0.00256822
"HUF",2026-07-28,0.00256622
"HUF",2026-07-29,0.00246819
"HUF",2026-07-30,0.00253221
"HUF",2026-07-31,0.00278001
"HUF",2026-08-01,0.0025163
"HUF",2026-08-02,0.00275557
"HUF",2026-08-03,0.00259875
"HUF",2026-08-04,0.0027066
"HUF",2026-08-05,0.0026927
"HUF",2026-08-06,0.00269146
"HUF",2026-08-07,0.00254378
"HUF",2026-08-08,0.00277618
"HUF",2026-08-09,0.002413
"HUF",2026-08-10,0.00265375
"HUF",2026-08-11,0.0024689
"HUF",2026-08-12,0.00263775
"HUF",2026-08-13,0.0025577
"HUF",2026-08-14,0.00245148
"HUF",2026-08-15,0.00252138
"HUF",2026-08-16,0.00270325
"HUF",2026-08-17,0.00262787
"HUF",2026-08-18,0.00265619
"HUF",2026-08-19,0.00276817
"HUF",2026-08-20,0.00269374
"HUF",2026-08-21,0.00244283
"HUF",2026-08-22,0.00272155
"HUF",2026-08-23,0.00244006
"HUF",2026-08-24,0.00254373
"HUF",2026-08-25,0.00276561
"HUF",2026-08-26,0.00279974
"HUF",2026-08-27,0.00243322
"HUF",2026-08-28,0.00273883
"HUF",2026-08-29,0.0025968
"HUF",2026-08-30,0.00277208
"HUF",2026-08-31,0.0027272
"HUF",2026-09-01,0.0026796
"HUF",2026-09-02,0.00248098
"HUF",2026-09-03,0.00240578
"HUF",2026-09-04,0.00276283
"HUF",2026-09-05,0.00264817
"HUF",2026-09-06,0.00240191
"HUF",2026-09-07,0.00250069
"HUF",2026-09-08,0.00260693
"HUF",2026-09-09,0.00264582
"HUF",2026-09-10,0.00264912
"HUF",2026-09-11,0.00261343
"HUF",2026-09-12,0.00262499
"HUF",2026-09-13,0.00278249
"HUF",2026-09-14,0.00253842
"HUF",2026-09-15,0.00244371
"HUF",2026-09-16,0.00248707
"HUF",2026-09-17,0.00258813
"HUF",2026-09-18,0.00276382
"HUF",2026-09-19,0.00243165
"HUF",2026-09-20,0.00246196
"HUF",2026-09-21,0.00260905
"HUF",2026-09-22,0.00278974
"HUF",2026-09-23,0.00257227
"HUF",2026-09-24,0.00252374
"HUF",2026-09-25,0.00248191
"HUF",2026-09-26,0.00275531
"HUF",2026-09-27,0.00263197
"HUF",2026-09-28,0.00264543
"HUF",2026-09-29,0.00248949
"HUF",2026-09-30,0.00266354
"HUF",2026-10-01,0.00247098
"HUF",2026-10-02,0.00265578
"HUF",2026-10-03,0.00249398
"HUF",2026-10-04,0.00265953
"HUF",2026-10-05,0.00243173
"HUF",2026-10-06,0.00248592
"HUF",2026-10-07,0.00255961
"HUF",2026-10-08,0.00255217
"HUF",2026-10-09,0.00272832
"HUF",2026-10-10,0.00254907
"HUF",2026-10-11,0.00247698
"HUF",2026-10-12,0.00246962
"HUF",2026-10-13,0.00259316
"HUF",2026-10-14,0.00267623
"HUF",2026-10-15,0.00258124
"HUF",2026-10-16,0.00276526
"HUF",2026-10-17,0.00252713
"HUF",2026-10-18,0.00273186
"HUF",2026-10-19,0.00272942
"HUF",2026-10-20,0.00243139
"HUF",2026-10-21,0.00249518
"HUF",2026-10-22,0.00254788
"HUF",2026-10-23,0.00258654
"HUF",2026-10-24,0.00254435
"HUF",2026-10-25,0.00245094
"HUF",2026-10-26,0.0027615
"HUF",2026-10-27,0.00243629
"HUF",2026-10-28,0.00263776
"HUF",2026-10-29,0.00260826
"HUF",2026-10-30,0.00273766
"HUF",2026-10-31,0.00266545
"HUF",2026-11-01,0.00257167
"HUF",2026-11-02,0.00246271
"HUF",2026-11-03,0.0027398
"HUF",2026-11-04,0.00250865
"HUF",2026-11-05,0.00264516
"HUF",2026-11-06,0.0027109
"HUF",2026-11-07,0.0025421
"HUF",2026-11-08,0.00269058
"HUF",2026-11-09,0.00277203
"HUF",2026-11-10,0.00263614
"HUF",2026-11-11,0.00266512
"HUF",2026-11-12,0.00243344
"HUF",2026-11-13,0.00262481
"HUF",2026-11-14,0.00273819
"HUF",2026-11-15,0.00279029
"HUF",2026-11-16,0.00275499
"HUF",2026-11-17,0.00269941
"HUF",2026-11-18,0.0024556
"HUF",2026-11-19,0.00241133
"HUF",2026-11-20,0.00278671
"HUF",2026-11-21,0.00272716
"HUF",2026-11-22,0.00279331
"HUF",2026-11-23,0.00267603
"HUF",2026-11-24,0.0024079
"HUF",2026-11-25,0.00252192
"HUF",2026-11-26,0.00261728
"HUF",2026-11-27,0.00253028
"HUF",2026-11-28,0.00249729
"HUF",2026-11-29,0.00263998
"HUF",2026-11-30,0.00242358
"HUF",2026-12-01,0.00242506
"HUF",2026-12-02,0.00272383
"HUF",2026-12-03,0.00279103
"HUF",2026-12-04,0.00248888
"HUF",2026-12-05,0.00258563
"HUF",2026-12-06,0.00271478
"HUF",2026-12-07,0.00250406
"HUF",2026-12-08,0.00241832
"HUF",2026-12-09,0.00247183
"HUF",2026-12-10,0.00273728
"HUF",2026-12-11,0.00276328
"HUF",2026-12-12,0.00259698
"HUF",2026-12-13,0.00276286
"HUF",2026-12-14,0.0026562
"HUF",2026-12-15,0.00243337
"HUF",2026-12-16,0.00253817
"HUF",2026-12-17,0.00254153
"HUF",2026-12-18,0.00244376
"HUF",2026-12-19,0.00250654
"HUF",2026-12-20,0.00277283
"HUF",2026-12-21,0.002423
"HUF",2026-12-22,0.00256491
"HUF",2026-12-23,0.00260157
"HUF",2026-12-24,0.00261369
"HUF",2026-12-25,0.00267335
"HUF",2026-12-26,0.00269359
"HUF",2026-12-27,0.00267999
"HUF",2026-12-28,0.00247008
"HUF",2026-12-29,0.00260594
"HUF",2026-12-30,0.00248514
"HUF",2026-12-31,0.00273448
"HUF",2024-01-01,0.00256716
"HUF",2024-01-02,0.00261442
"HUF",2024-01-03,0.00276306
"HUF",2024-01-04,0.00272502
"HUF",2024-01-05,0.00245075
"HUF",2024-01-06,0.00274821
"HUF",2024-01-07,0.00272886
"HUF",2024-01-08,0.00275651
"HUF",2024-01-09,0.00246212
"HUF",2024-01-10,0.00269228
"HUF",2024-01-11,0.00266268
"HUF",2024-01-12,0.00265258
"HUF",2024-01-13,0.00277419
"HUF",2024-01-14,0.00264291
"HUF",2024-01-15,0.00276053
"HUF",2024-01-16,0.00253148
"HUF",2024-01-17,0.00241756
"HUF",2024-01-18,0.00245166
"HUF",2024-01-19,0.00262846
"HUF",2024-01-20,0.00259012
"HUF",2024-01-21,0.00255328
"HUF",2024-01-22,0.0026622
"HUF",2024-01-23,0.00244155
"HUF",2024-01-24,0.00263727
"HUF",2024-01-25,0.00269841
"HUF",2024-01-26,0.00261742
"HUF",2024-01-27,0.00267102
"HUF",2024-01-28,0.00255896
"HUF",2024-01-29,0.00279157
"HUF",2024-01-30,0.00279992
"HUF",2024-01-31,0.00243854
"HUF",2024-02-01,0.00258548
"HUF",2024-02-02,0.00268624
"HUF",2024-02-03,0.00270034
"HUF",2024-02-04,0.0026883
"HUF",2024-02-05,0.00264772
"HUF",2024-02-06,0.00271107
"HUF",2024-02-07,0.00258506
"HUF",2024-02-08,0.00278988
"HUF",2024-02-09,0.00260029
"HUF",2024-02-10,0.00243381
"HUF",2024-02-11,0.00270644
"HUF",2024-02-12,0.00275912
"HUF",2024-02-13,0.00274702
"HUF",2024-02-14,0.00266591
"HUF",2024-02-15,0.00252544
"HUF",2024-02-16,0.00273305
"HUF",2024-02-17,0.00263126
"HUF",2024-02-18,0.00272501
"HUF",2024-02-19,0.00252205
"HUF",2024-02-20,0.00247011
"HUF",2024-02-21,0.00262336
"HUF",2024-02-22,0.00246814
"HUF",2024-02-23,0.00252669
"HUF",2024-02-24,0.00257175
"HUF",2024-02-25,0.00246557
"HUF",2024-02-26,0.00243184
"HUF",2024-02-27,0.00263408
"HUF",2024-02-28,0.00248398
"HUF",2024-02-29,0.00244232
"HUF",2024-03-01,0.00274813
"HUF",2024-03-02,0.0027674
"HUF",2024-03-03,0.00254199
"HUF",2024-03-04,0.00274836
"HUF",2024-03-05,0.00259261
"HUF",2024-03-06,0.00255098
"HUF",2024-03-07,0.0025003
"HUF",2024-03-08,0.00268526
"HUF",2024-03-09,0.00242797
"HUF",2024-03-10,0.00275041
"HUF",2024-03-11,0.00273177
"HUF",2024-03-12,0.00245137
"HUF",2024-03-13,0.0027581
"HUF",2024-03-14,0.00258758
"HUF",2024-03-15,0.00253714
"HUF",2024-03-16,0.00241919
"HUF",2024-03-17,0.00278765
"HUF",2024-03-18,0.0027746
"HUF",2024-03-19,0.00246853
"HUF",2024-03-20,0.00262342
"HUF",2024-03-21,0.00273948
"HUF",2024-03-22,0.00274113
"HUF",2024-03-23,0.00278231
"HUF",2024-03-24,0.00245971
"HUF",2024-03-25,0.00252661
"HUF",2024-03-26,0.00261029
"HUF",2024-03-27,0.00265105
"HUF",2024-03-28,0.00271809
"HUF",2024-03-29,0.00253442
"HUF",2024-03-30,0.00277227
"HUF",2024-03-31,0.00269004
"HUF",2024-04-01,0.00265921
"HUF",2024-04-02,0.00255246
"HUF",2024-04-03,0.00253187
"HUF",2024-04-04,0.00254865
"HUF",2024-04-05,0.00262642
"HUF",2024-04-06,0.00245743
"HUF",2024-04-07,0.00245942
"HUF",2024-04-08,0.00263229
"HUF",2024-04-09,0.00269388
"HUF",2024-04-10,0.00247586
"HUF",2024-04-11,0.00266482
"HUF",2024-04-12,0.00268262
"HUF",2024-04-13,0.00268311
"HUF",2024-04-14,0.00270964
"HUF",2024-04-15,0.00260725
"HUF",2024-04-16,0.00264254
"HUF",2024-04-17,0.00245579
"HUF",2024-04-18,0.00250128
"HUF",2024-04-19,0.00264028
"HUF",2024-04-20,0.00268899
"HUF",2024-04-21,0.00277132
"HUF",2024-04-22,0.00257521
"HUF",2024-04-23,0.00246629
"HUF",2024-04-24,0.00250203
"HUF",2024-04-25,0.00247474
"HUF",2024-04-26,0.00257769
"HUF",2024-04-27,0.00279304
"HUF",2024-04-28,0.00266645
"HUF",2024-04-29,0.00272703
"HUF",2024-04-30,0.00252326
"HUF",2024-05-01,0.00279034
"HUF",2024-05-02,0.00254447
"HUF",2024-05-03,0.00258044
"HUF",2024-05-04,0.00248228
"HUF",2024-05-05,0.00248042
"HUF",2024-05-06,0.00267779
"HUF",2024-05-07,0.00241553
"HUF",2024-05-08,0.002647
"HUF",2024-05-09,0.00276943
"HUF",2024-05-10,0.00271307
"HUF",2024-05-11,0.0024635
"HUF",2024-05-12,0.00263942
"HUF",2024-05-13,0.00275115
"HUF",2024-05-14,0.00250652
"HUF",2024-05-15,0.00264911
"HUF",2024-05-16,0.00254839
"HUF",2024-05-17,0.00262485
"HUF",2024-05-18,0.0025155
"HUF",2024-05-19,0.00262789
"HUF",2024-05-20,0.00245057
"HUF",2024-05-21,0.00254004
"HUF",2024-05-22,0.0026894
"HUF",2024-05-23,0.00270963
"HUF",2024-05-24,0.00243856
"HUF",2024-05-25,0.00279208
"HUF",2024-05-26,0.00273394
"HUF",2024-05-27,0.00273015
"HUF",2024-05-28,0.00252491
"HUF",2024-05-29,0.0024151
"HUF",2024-05-30,0.00255345
"HUF",2024-05-31,0.00258068
"HUF",2024-06-01,0.00244976
"HUF",2024-06-02,0.00277676
"HUF",2024-06-03,0.00247432
"HUF",2024-06-04,0.00255814
"HUF",2024-06-05,0.00274525
"HUF",2024-06-06,0.00256041
"HUF",2024-06-07,0.00269863
"HUF",2024-06-08,0.00255664
"HUF",2024-06-09,0.00257668
"HUF",2024-06-10,0.00255561
"HUF",2024-06-11,0.00251929
"HUF",2024-06-12,0.0027407
"HUF",2024-06-13,0.00259144
"HUF",2024-06-14,0.00279551
"HUF",2024-06-15,0.00262043
"HUF",2024-06-16,0.0027236
"HUF",2024-06-17,0.00269114
"HUF",2024-06-18,0.00261754
"HUF",2024-06-19,0.00270263
"HUF",2024-06-20,0.00262826
"HUF",2024-06-21,0.00253307
"HUF",2024-06-22,0.00255585
"HUF",2024-06-23,0.00263666
"HUF",2024-06-24,0.00256182
"HUF",2024-06-25,0.00278242
"HUF",2024-06-26,0.00247842
"HUF",2024-06-27,0.00251059
"HUF",2024-06-28,0.0026072
"HUF",2024-06-29,0.00249552
"HUF",2024-06-30,0.00243124
"HUF",2024-07-01,0.00259621
"HUF",2024-07-02,0.00269676
"HUF",2024-07-03,0.00274619
"HUF",2024-07-04,0.00278739
"HUF",2024-07-05,0.00262164
"HUF",2024-07-06,0.00258467
"HUF",2024-07-07,0.00251156
"HUF",2024-07-08,0.00240516
"HUF",2024-07-09,0.00240575
"HUF",2024-07-10,0.00272507
"HUF",2024-07-11,0.00278046
"HUF",2024-07-12,0.0026348
"HUF",2024-07-13,0.00256859
"HUF",2024-07-14,0.00264201
"HUF",2024-07-15,0.00253555
"HUF",2024-07-16,0.00250984
"HUF",2024-07-17,0.00263323
"HUF",2024-07-18,0.0027297
"HUF",2024-07-19,0.00260961
"HUF",2024-07-20,0.00263657
"HUF",2024-07-21,0.00255842
"HUF",2024-07-22,0.00265799
"HUF",2024-07-23,0.00257095
"HUF",2024-07-24,0.00279012
"HUF",2024-07-25,0.0027425
"HUF",2024-07-26,0.00243218
"HUF",2024-07-27,0.00245518
"HUF",2024-07-28,0.00258491
"HUF",2024-07-29,0.00276534
"HUF",2024-07-30,0.00244077
"HUF",2024-07-31,0.00259165
"HUF",2024-08-01,0.00249484
"HUF",2024-08-02,0.0024534
"HUF",2024-08-03,0.00252287
"HUF",2024-08-04,0.00254299
"HUF",2024-08-05,0.00274094
"HUF",2024-08-06,0.00252537
"HUF",2024-08-07,0.002703
"HUF",2024-08-08,0.00240067
"HUF",2024-08-09,0.00262618
"HUF",2024-08-10,0.00264867
"HUF",2024-08-11,0.0026716
"HUF",2024-08-12,0.00245233
"HUF",2024-08-13,0.00247122
"HUF",2024-08-14,0.00247027
"HUF",2024-08-15,0.00266862
"HUF",2024-08-16,0.00266569
"HUF",2024-08-17,0.0024699
"HUF",2024-08-18,0.00249152
"HUF",2024-08-19,0.00259203
"HUF",2024-08-20,0.00271499
"HUF",2024-08-21,0.00266901
"HUF",2024-08-22,0.00246518
"HUF",2024-08-23,0.00266647
"HUF",2024-08-24,0.00242136
"HUF",2024-08-25,0.00253871
"HUF",2024-08-26,0.00272895
"HUF",2024-08-27,0.00240137
"HUF",2024-08-28,0.00257229
"HUF",2024-08-29,0.00258698
"HUF",2024-08-30,0.00262544
"HUF",2024-08-31,0.00270322
"HUF",2024-09-01,0.0025
"HUF",2024-09-02,0.00245915
"HUF",2024-09-03,0.00244795
"HUF",2024-09-04,0.00252346
"HUF",2024-09-05,0.00257573
"HUF",2024-09-06,0.00269397
"HUF",2024-09-07,0.00254501
"HUF",2024-09-08,0.00253621
"HUF",2024-09-09,0.00273602
"HUF",2024-09-10,0.0024819
"HUF",2024-09-11,0.0026013
"HUF",2024-09-12,0.00266195
"HUF",2024-09-13,0.00270779
"HUF",2024-09-14,0.00262869
"HUF",2024-09-15,0.00252661
"HUF",2024-09-16,0.00243664
"HUF",2024-09-17,0.00246001
"HUF",2024-09-18,0.00243402
"HUF",2024-09-19,0.00262422
"HUF",2024-09-20,0.00277016
"HUF",2024-09-21,0.00245391
"HUF",2024-09-22,0.00243052
"HUF",2024-09-23,0.00270724
"HUF",2024-09-24,0.00261301
"HUF",2024-09-25,0.00263355
"HUF",2024-09-26,0.00278235
"HUF",2024-09-27,0.00252424
"HUF",2024-09-28,0.00271529
"HUF",2024-09-29,0.00252791
"HUF",2024-09-30,0.00275081
"HUF",2024-10-01,0.00260622
"HUF",2024-10-02,0.00250067
"HUF",2024-10-03,0.00268533
"HUF",2024-10-04,0.00269662
"HUF",2024-10-05,0.00279506
"HUF",2024-10-06,0.00262807
"HUF",2024-10-07,0.00276519
"HUF",2024-10-08,0.00261528
"HUF",2024-10-09,0.00240483
"HUF",2024-10-10,0.00260171
"HUF",2024-10-11,0.0025518
"HUF",2024-10-12,0.00269282
"HUF",2024-10-13,0.00245398
"HUF",2024-10-14,0.00262278
"HUF",2024-10-15,0.0024977
"HUF",2024-10-16,0.00259179
"HUF",2024-10-17,0.00270311
"HUF",2024-10-18,0.00248137
"HUF",2024-10-19,0.00257273
"HUF",2024-10-20,0.00255316
"HUF",2024-10-21,0.00277153
"HUF",2024-10-22,0.00262621
"HUF",2024-10-23,0.0026175
"HUF",2024-10-24,0.00253268
"HUF",2024-10-25,0.00251623
"HUF",2024-10-26,0.00273355
"HUF",2024-10-27,0.0024415
"HUF",2024-10-28,0.00257219
"HUF",2024-10-29,0.00243874
"HUF",2024-10-30,0.00270365
"HUF",2024-10-31,0.00264477
"HUF",2024-11-01,0.00275123
"HUF",2024-11-02,0.00263688
"HUF",2024-11-03,0.00262136
"HUF",2024-11-04,0.00277852
"HUF",2024-11-05,0.00259636
"HUF",2024-11-06,0.00249001
"HUF",2024-11-07,0.00267298
"HUF",2024-11-08,0.00244398
"HUF",2024-11-09,0.00253144
"HUF",2024-11-10,0.00263834
"HUF",2024-11-11,0.00261181
"HUF",2024-11-12,0.00272684
"HUF",2024-11-13,0.0026782
"HUF",2024-11-14,0.00259294
"HUF",2024-11-15,0.00255161
"HUF",2024-11-16,0.00262231
"HUF",2024-11-17,0.00261035
"HUF",2024-11-18,0.00269438
"HUF",2024-11-19,0.00240628
"HUF",2024-11-20,0.00253551
"HUF",2024-11-21,0.00249577
"HUF",2024-11-22,0.00254149
"HUF",2024-11-23,0.00274541
"HUF",2024-11-24,0.00248348
"HUF",2024-11-25,0.00272244
"HUF",2024-11-26,0.00243422
"HUF",2024-11-27,0.00272683
"HUF",2024-11-28,0.0024688
"HUF",2024-11-29,0.0024338
"HUF",2024-11-30,0.00253171
"HUF",2024-12-01,0.00260996
"HUF",2024-12-02,0.00256651
"HUF",2024-12-03,0.00264171
"HUF",2024-12-04,0.00242306
"HUF",2024-12-05,0.00253032
"HUF",2024-12-06,0.00248918
"HUF",2024-12-07,0.00254399
"HUF",2024-12-08,0.00249576
"HUF",2024-12-09,0.00254168
"HUF",2024-12-10,0.00272323
"HUF",2024-12-11,0.00254145
"HUF",2024-12-12,0.00269319
"HUF",2024-12-13,0.00249957
"HUF",2024-12-14,0.00243136
"HUF",2024-12-15,0.00256447
"HUF",2024-12-16,0.00277782
"HUF",2024-12-17,0.00243981
"HUF",2024-12-18,0.00274303
"HUF",2024-12-19,0.00241061
"HUF",2024-12-20,0.00273983
"HUF",2024-12-21,0.00257701
"HUF",2024-12-22,0.00266796
"HUF",2024-12-23,0.00258023
"HUF",2024-12-24,0.00264906
"HUF",2024-12-25,0.00272825
"HUF",2024-12-26,0.00267367
"HUF",2024-12-27,0.0026711
"HUF",2024-12-28,0.00254819
"HUF",2024-12-29,0.00244732
"HUF",2024-12-30,0.00263017
"HUF",2024-12-31,0.00262172
"HUF",2025-01-01,0.00248294
"HUF",2025-01-02,0.00261049
"HUF",2025-01-03,0.00277316
"HUF",2025-01-04,0.00266141
"HUF",2025-01-05,0.00274213
"HUF",2025-01-06,0.00241603
"HUF",2025-01-07,0.00242219
"HUF",2025-01-08,0.00268871
"HUF",2025-01-09,0.00269329
"HUF",2025-01-10,0.00254554
"HUF",2025-01-11,0.0027518
"HUF",2025-01-12,0.00258757
"HUF",2025-01-13,0.00250585
"HUF",2025-01-14,0.00256687
"HUF",2025-01-15,0.00266024
"HUF",2025-01-16,0.00251931
"HUF",2025-01-17,0.00278522
"HUF",2025-01-18,0.00242651
"HUF",2025-01-19,0.00273306
"HUF",2025-01-20,0.00277405
"HUF",2025-01-21,0.00250384
"HUF",2025-01-22,0.00273676
"HUF",2025-01-23,0.00261404
"HUF",2025-01-24,0.00278077
"HUF",2025-01-25,0.00253821
"HUF",2025-01-26,0.00244018
"HUF",2025-01-27,0.00251281
"HUF",2025-01-28,0.00257125
"HUF",2025-01-29,0.00257764
"HUF",2025-01-30,0.00271935
"HUF",2025-01-31,0.00276571
"HUF",2025-02-01,0.00257871
"HUF",2025-02-02,0.00275216
"HUF",2025-02-03,0.00269639
"HUF",2025-02-04,0.00240286
"HUF",2025-02-05,0.00263532
"HUF",2025-02-06,0.00251559
"HUF",2025-02-07,0.00245356
"HUF",2025-02-08,0.00245318
"HUF",2025-02-09,0.00267111
"HUF",2025-02-10,0.00258535
"HUF",2025-02-11,0.00269483
"HUF",2025-02-12,0.00259818
"HUF",2025-02-13,0.00244568
"HUF",2025-02-14,0.00274388
"HUF",2025-02-15,0.0025282
"HUF",2025-02-16,0.00269955
"HUF",2025-02-17,0.00263427
"HUF",2025-02-18,0.00275477
"HUF",2025-02-19,0.00260672
"HUF",2025-02-20,0.00264514
"HUF",2025-02-21,0.00265203
"HUF",2025-02-22,0.00278408
"HUF",2025-02-23,0.0024442
"HUF",2025-02-24,0.00260249
"HUF",2025-02-25,0.00262115
"HUF",2025-02-26,0.00265066
"HUF",2025-02-27,0.00248597
"HUF",2025-02-28,0.00243266
"HUF",2025-03-01,0.00251977
"HUF",2025-03-02,0.00273538
"HUF",2025-03-03,0.00278791
"HUF",2025-03-04,0.00246741
"HUF",2025-03-05,0.00264545
"HUF",2025-03-06,0.00244194
"HUF",2025-03-07,0.00275466
"HUF",2025-03-08,0.00242289
"HUF",2025-03-09,0.00262144
"HUF",2025-03-10,0.00262043
"HUF",2025-03-11,0.00271343
"HUF",2025-03-12,0.00279042
"HUF",2025-03-13,0.00257057
"HUF",2025-03-14,0.00272134
"HUF",2025-03-15,0.00253124
"HUF",2025-03-16,0.00241972
"HUF",2025-03-17,0.00244772
"HUF",2025-03-18,0.00246496
"HUF",2025-03-19,0.00251358
"GBP",2025-08-18,1.1329059
"GBP",2025-08-19,1.19572788
"GBP",2025-08-20,1.13725324
"GBP",2025-08-21,1.18755385
"GBP",2025-08-22,1.13779496
"GBP",2025-08-23,1.16677063
"GBP",2025-08-24,1.13472376
"GBP",2025-08-25,1.17268797
"GBP",2025-08-26,1.1959808
"GBP",2025-08-27,1.18656327
"GBP",2025-08-28,1.20488063
"GBP",2025-08-29,1.16302884
"GBP",2025-08-30,1.14810894
"GBP",2025-08-31,1.14163613
"GBP",2025-09-01,1.1915879
"GBP",2025-09-02,1.16366747
"GBP",2025-09-03,1.13601076
"GBP",2025-09-04,1.14308541
"GBP",2025-09-05,1.18639332
"GBP",2025-09-06,1.15869542
"GBP",2025-09-07,1.1868557
"GBP",2025-09-08,1.19587883
"GBP",2025-09-09,1.1315705
"GBP",2025-09-10,1.19029252
"GBP",2025-09-11,1.14615215
"GBP",2025-09-12,1.20666453
"GBP",2025-09-13,1.15685605
"GBP",2025-09-14,1.13256315
"GBP",2025-09-15,1.18023066
"GBP",2025-09-16,1.18909946
"GBP",2025-09-17,1.1851834
"GBP",2025-09-18,1.14975236
"GBP",2025-09-19,1.14200965
"GBP",2025-09-20,1.16140483
"GBP",2025-09-21,1.1388083
"GBP",2025-09-22,1.18865638
"GBP",2025-09-23,1.18929963
"GBP",2025-09-24,1.16592446
"GBP",2025-09-25,1.17336705
"GBP",2025-09-26,1.20967682
"GBP",2025-09-27,1.1967629
"GBP",2025-09-28,1.1494728
"GBP",2025-09-29,1.16840556
"GBP",2025-09-30,1.13396521
"GBP",2025-10-01,1.13045486
"GBP",2025-10-02,1.20795469
"GBP",2025-10-03,1.16164409
"GBP",2025-10-04,1.19941188
"GBP",2025-10-05,1.13978697
"GBP",2025-10-06,1.17105598
"GBP",2025-10-07,1.1872197
"GBP",2025-10-08,1.16806548
"GBP",2025-10-09,1.1461895
"GBP",2025-10-10,1.154381
"GBP",2025-10-11,1.18247189
"GBP",2025-10-12,1.14905805
"GBP",2025-10-13,1.19239241
"GBP",2025-10-14,1.16410929
"GBP",2025-10-15,1.190117
"GBP",2025-10-16,1.18802562
"GBP",2025-10-17,1.14587009
"GBP",2025-10-18,1.18990715
"GBP",2025-10-19,1.19244034
"GBP",2025-10-20,1.20799045
"GBP",2025-10-21,1.1379681
"GBP",2025-10-22,1.13368894
"GBP",2025-10-23,1.14168522
"GBP",2025-10-24,1.20740858
"GBP",2025-10-25,1.1775606
"GBP",2025-10-26,1.15495496
"GBP",2025-10-27,1.16334429
"GBP",2025-10-28,1.20277366
"GBP",2025-10-29,1.16255821
"GBP",2025-10-30,1.14479888
"GBP",2025-10-31,1.16266062
"GBP",2025-11-01,1.18731056
"GBP",2025-11-02,1.19383353
"GBP",2025-11-03,1.16321458
"GBP",2025-11-04,1.1797044
"GBP",2025-11-05,1.15593912
"GBP",2025-11-06,1.16772051
"GBP",2025-11-07,1.13407575
"GBP",2025-11-08,1.17062863
"GBP",2025-11-09,1.19642016
"GBP",2025-11-10,1.13348046
"GBP",2025-11-11,1.15765529
"GBP",2025-11-12,1.16881041
"GBP",2025-11-13,1.20440206
"GBP",2025-11-14,1.19551412
"GBP",2025-11-15,1.19892531
"GBP",2025-11-16,1.16668199
"GBP",2025-11-17,1.20516973
"GBP",2025-11-18,1.14583162
"GBP",2025-11-19,1.15580739
"GBP",2025-11-20,1.20766727
"GBP",2025-11-21,1.20473101
"GBP",2025-11-22,1.15316174
"GBP",2025-11-23,1.18009077
"GBP",2025-11-24,1.13137378
"GBP",2025-11-25,1.17801546
"GBP",2025-11-26,1.15290965
"GBP",2025-11-27,1.19498838
"GBP",2025-11-28,1.19218554
"GBP",2025-11-29,1.17234518
"GBP",2025-11-30,1.18585486
"GBP",2025-12-01,1.13988032
"GBP",2025-12-02,1.14537604
"GBP",2025-12-03,1.13002303
"GBP",2025-12-04,1.18759558
"GBP",2025-12-05,1.15217629
"GBP",2025-12-06,1.17499716
"GBP",2025-12-07,1.15011292
"GBP",2025-12-08,1.16818504
"GBP",2025-12-09,1.15074564
"GBP",2025-12-10,1.17444577
"GBP",2025-12-11,1.14935055
"GBP",2025-12-12,1.13756244
"GBP",2025-12-13,1.15125075
"GBP",2025-12-14,1.20239251
"GBP",2025-12-15,1.20348223
"GBP",2025-12-16,1.20261425
"GBP",2025-12-17,1.17836721
"GBP",2025-12-18,1.2025783
"GBP",2025-12-19,1.19339221
"GBP",2025-12-20,1.18076235
"GBP",2025-12-21,1.16101156
"GBP",2025-12-22,1.19750467
"GBP",2025-12-23,1.18571995
"GBP",2025-12-24,1.19488965
"GBP",2025-12-25,1.16403441
"GBP",2025-12-26,1.15532602
"GBP",2025-12-27,1.13674317
"GBP",2025-12-28,1.14820296
"GBP",2025-12-29,1.16188994
"GBP",2025-12-30,1.19828429
"GBP",2025-12-31,1.14357537
"GBP",2026-01-01,1.14395607
"GBP",2026-01-02,1.18600467
"GBP",2026-01-03,1.19644319
"GBP",2026-01-04,1.19107604
"GBP",2026-01-05,1.17983157
"GBP",2026-01-06,1.13380758
"GBP",2026-01-07,1.14451497
"GBP",2026-01-08,1.15369916
"GBP",2026-01-09,1.13967095
"GBP",2026-01-10,1.13112777
"GBP",2026-01-11,1.14452028
"GBP",2026-01-12,1.15339406
"GBP",2026-01-13,1.17705814
"GBP",2026-01-14,1.20005977
"GBP",2026-01-15,1.19821324
"GBP",2026-01-16,1.14577599
"GBP",2026-01-17,1.14845798
"GBP",2026-01-18,1.20395208
"GBP",2026-01-19,1.16140767
"GBP",2026-01-20,1.20367199
"GBP",2026-01-21,1.14599993
"GBP",2026-01-22,1.17969021
"GBP",2026-01-23,1.14806513
"GBP",2026-01-24,1.17074451
"GBP",2026-01-25,1.17391473
"GBP",2026-01-26,1.17070206
"GBP",2026-01-27,1.1367662
"GBP",2026-01-28,1.20579854
"GBP",2026-01-29,1.18406623
"GBP",2026-01-30,1.16328146
"GBP",2026-01-31,1.16368828
"GBP",2026-02-01,1.18214111
"GBP",2026-02-02,1.20675031
"GBP",2026-02-03,1.16088896
"GBP",2026-02-04,1.13042659
"GBP",2026-02-05,1.18739401
"GBP",2026-02-06,1.15505833
"GBP",2026-02-07,1.13690748
"GBP",2026-02-08,1.14718139
"GBP",2026-02-09,1.13228519
"GBP",2026-02-10,1.17949497
"GBP",2026-02-11,1.13709858
"GBP",2026-02-12,1.13678627
"GBP",2026-02-13,1.14782049
"GBP",2026-02-14,1.15107133
"GBP",2026-02-15,1.18571791
"GBP",2026-02-16,1.20149594
"GBP",2026-02-17,1.13334764
"GBP",2026-02-18,1.15798649
"GBP",2026-02-19,1.18673369
"GBP",2026-02-20,1.13041516
"GBP",2026-02-21,1.16420289
"GBP",2026-02-22,1.13158016
"GBP",2026-02-23,1.13634942
"GBP",2026-02-24,1.18431988
"GBP",2026-02-25,1.1878708
"GBP",2026-02-26,1.14670674
"GBP",2026-02-27,1.20320939
"GBP",2026-02-28,1.18687458
"GBP",2026-03-01,1.1538978
"GBP",2026-03-02,1.16708903
"GBP",2026-03-03,1.17820325
"GBP",2026-03-04,1.20584028
"GBP",2026-03-05,1.13642126
"GBP",2026-03-06,1.16201673
"GBP",2026-03-07,1.14494687
"GBP",2026-03-08,1.13078807
"GBP",2026-03-09,1.20211647
"GBP",2026-03-10,1.20696725
"GBP",2026-03-11,1.13539463
"GBP",2026-03-12,1.14806118
"GBP",2026-03-13,1.19795296
"GBP",2026-03-14,1.13105066
"GBP",2026-03-15,1.16819395
"GBP",2026-03-16,1.14149248
"GBP",2026-03-17,1.16707126
"GBP",2026-03-18,1.15540812
"GBP",2026-03-19,1.13956107
"GBP",2026-03-20,1.17409215
"GBP",2026-03-21,1.20190122
"GBP",2026-03-22,1.14743576
"GBP",2026-03-23,1.13718136
"GBP",2026-03-24,1.16000144
"GBP",2026-03-25,1.18564638
"GBP",2026-03-26,1.16963087
"GBP",2026-03-27,1.13800816
"GBP",2026-03-28,1.16001191
"GBP",2026-03-29,1.14345705
"GBP",2026-03-30,1.15409835
"GBP",2026-03-31,1.18730117
"GBP",2026-04-01,1.13129181
"GBP",2026-04-02,1.19214737
"GBP",2026-04-03,1.18511073
"GBP",2026-04-04,1.14302167
"GBP",2026-04-05,1.13870645
"GBP",2026-04-06,1.1315117
"GBP",2026-04-07,1.15204544
"GBP",2026-04-08,1.13757435
"GBP",2026-04-09,1.13993696
"GBP",2026-04-10,1.14803858
"GBP",2026-04-11,1.19111253
"GBP",2026-04-12,1.13955712
"GBP",2026-04-13,1.20130059
"GBP",2026-04-14,1.15903715
"GBP",2026-04-15,1.14492764
"GBP",2026-04-16,1.14190765
"GBP",2026-04-17,1.20127416
"GBP",2026-04-18,1.15698828
"GBP",2026-04-19,1.14591048
"GBP",2026-04-20,1.14841202
"GBP",2026-04-21,1.17977202
"GBP",2026-04-22,1.16414249
"GBP",2026-04-23,1.13039075
"GBP",2026-04-24,1.13687602
"GBP",2026-04-25,1.20954418
"GBP",2026-04-26,1.20671991
"GBP",2026-04-27,1.18621141
"GBP",2026-04-28,1.15585219
"GBP",2026-04-29,1.1498783
"GBP",2026-04-30,1.18611507
"GBP",2026-05-01,1.20224804
"GBP",2026-05-02,1.13207989
"GBP",2026-05-03,1.18426384
"GBP",2026-05-04,1.18207798
"GBP",2026-05-05,1.14841629
"GBP",2026-05-06,1.15676763
"GBP",2026-05-07,1.19946466
"GBP",2026-05-08,1.15309611
"GBP",2026-05-09,1.1757683
"GBP",2026-05-10,1.15142944
"GBP",2026-05-11,1.18510984
"GBP",2026-05-12,1.13652066
"GBP",2026-05-13,1.14911819
"GBP",2026-05-14,1.16539274
"GBP",2026-05-15,1.15093837
"GBP",2026-05-16,1.1623634
"GBP",2026-05-17,1.14908901
"GBP",2026-05-18,1.15127559
"GBP",2026-05-19,1.13263466
"GBP",2026-05-20,1.18554136
"GBP",2026-05-21,1.15642018
"GBP",2026-05-22,1.20978394
"GBP",2026-05-23,1.17759954
"GBP",2026-05-24,1.1544891
"GBP",2026-05-25,1.19417719
"GBP",2026-05-26,1.130836
"GBP",2026-05-27,1.18886727
"GBP",2026-05-28,1.16132215
"GBP",2026-05-29,1.16887386
"GBP",2026-05-30,1.15858475
"GBP",2026-05-31,1.18762678
"GBP",2026-06-01,1.14429348
"GBP",2026-06-02,1.13965424
"GBP",2026-06-03,1.1942008
"GBP",2026-06-04,1.20011656
"GBP",2026-06-05,1.20952883
"GBP",2026-06-06,1.16632476
"GBP",2026-06-07,1.19076525
"GBP",2026-06-08,1.18213326
"GBP",2026-06-09,1.19069594
"GBP",2026-06-10,1.16333709
"GBP",2026-06-11,1.176384
"GBP",2026-06-12,1.16350893
"GBP",2026-06-13,1.16502867
"GBP",2026-06-14,1.18380477
"GBP",2026-06-15,1.2007104
"GBP",2026-06-16,1.1965059
"GBP",2026-06-17,1.14947976
"GBP",2026-06-18,1.15815161
"GBP",2026-06-19,1.13217884
"GBP",2026-06-20,1.18226126
"GBP",2026-06-21,1.13263159
"GBP",2026-06-22,1.15563613
"GBP",2026-06-23,1.19747784
"GBP",2026-06-24,1.13060417
"GBP",2026-06-25,1.18642523
"GBP",2026-06-26,1.13291589
"GBP",2026-06-27,1.16313111
"GBP",2026-06-28,1.13340013
"GBP",2026-06-29,1.18729015
"GBP",2026-06-30,1.18535239
"GBP",2026-07-01,1.17709144
"GBP",2026-07-02,1.16738959
"GBP",2026-07-03,1.18542253
"GBP",2026-07-04,1.13563025
"GBP",2026-07-05,1.1752264
"GBP",2026-07-06,1.13604948
"GBP",2026-07-07,1.18544294
"GBP",2026-07-08,1.146158
"GBP",2026-07-09,1.20307163
"GBP",2026-07-10,1.14305934
"GBP",2026-07-11,1.1824261
"GBP",2026-07-12,1.19765959
"GBP",2026-07-13,1.1661436
"GBP",2026-07-14,1.14057003
"GBP",2026-07-15,1.13022495
"GBP",2026-07-16,1.20049433
"GBP",2026-07-17,1.16410544
"GBP",2026-07-18,1.17396886
"GBP",2026-07-19,1.1423288
"GBP",2026-07-20,1.13301484
"GBP",2026-07-21,1.16112853
"GBP",2026-07-22,1.16395374
"GBP",2026-07-23,1.19450999
"GBP",2026-07-24,1.1460626
"GBP",2026-07-25,1.18823095
"GBP",2026-07-26,1.20071871
"GBP",2026-07-27,1.14257012
"GBP",2026-07-28,1.14733191
"GBP",2026-07-29,1.20351669
"GBP",2026-07-30,1.18681898
"GBP",2026-07-31,1.14167714
"GBP",2026-08-01,1.15785669
"GBP",2026-08-02,1.13952285
"GBP",2026-08-03,1.16611847
"GBP",2026-08-04,1.16896734
"GBP",2026-08-05,1.1416104
"GBP",2026-08-06,1.16955842
"GBP",2026-08-07,1.14047162
"GBP",2026-08-08,1.19996276
"GBP",2026-08-09,1.19378203
"GBP",2026-08-10,1.20956523
"GBP",2026-08-11,1.20190586
"GBP",2026-08-12,1.1458112
"GBP",2026-08-13,1.16832244
"GBP",2026-08-14,1.19283129
"GBP",2026-08-15,1.13285654
"GBP",2026-08-16,1.14613046
"GBP",2026-08-17,1.15158328
"GBP",2026-08-18,1.17457303
"GBP",2026-08-19,1.19875403
"GBP",2026-08-20,1.13593073
"GBP",2026-08-21,1.19425965
"GBP",2026-08-22,1.16735387
"GBP",2026-08-23,1.17180014
"GBP",2026-08-24,1.20141498
"GBP",2026-08-25,1.15532239
"GBP",2026-08-26,1.1581083
"GBP",2026-08-27,1.19799265
"GBP",2026-08-28,1.15296216
"GBP",2026-08-29,1.1687431
"GBP",2026-08-30,1.19286847
"GBP",2026-08-31,1.19712009
"GBP",2026-09-01,1.17401469
"GBP",2026-09-02,1.13259448
"GBP",2026-09-03,1.17917781
"GBP",2026-09-04,1.14139344
"GBP",2026-09-05,1.20926999
"GBP",2026-09-06,1.20570202
"GBP",2026-09-07,1.15104164
"GBP",2026-09-08,1.20018771
"GBP",2026-09-09,1.18427636
"GBP",2026-09-10,1.16367067
"GBP",2026-09-11,1.16587472
"GBP",2026-09-12,1.15814
"GBP",2026-09-13,1.17133728
"GBP",2026-09-14,1.14395982
"GBP",2026-09-15,1.16681028
"GBP",2026-09-16,1.13064045
"GBP",2026-09-17,1.16764588
"GBP",2026-09-18,1.15280398
"GBP",2026-09-19,1.18947275
"GBP",2026-09-20,1.14850085
"GBP",2026-09-21,1.13159156
"GBP",2026-09-22,1.16087056
"GBP",2026-09-23,1.14861912
"GBP",2026-09-24,1.13309213
"GBP",2026-09-25,1.18317908
"GBP",2026-09-26,1.16763115
"GBP",2026-09-27,1.15411112
"GBP",2026-09-28,1.1919295
"GBP",2026-09-29,1.1803535
"GBP",2026-09-30,1.15242689
"GBP",2026-10-01,1.2075917
"GBP",2026-10-02,1.16397745
"GBP",2026-10-03,1.1963765
"GBP",2026-10-04,1.17874304
"GBP",2026-10-05,1.1332993
"GBP",2026-10-06,1.14508119
"GBP",2026-10-07,1.16402445
"GBP",2026-10-08,1.13387293
"GBP",2026-10-09,1.20304425
"GBP",2026-10-10,1.20040682
"GBP",2026-10-11,1.18525395
"GBP",2026-10-12,1.13044776
"GBP",2026-10-13,1.14689404
"GBP",2026-10-14,1.17726801
"GBP",2026-10-15,1.20821947
"GBP",2026-10-16,1.20416415
"GBP",2026-10-17,1.17244059
"GBP",2026-10-18,1.15906086
"GBP",2026-10-19,1.17812637
"GBP",2026-10-20,1.13758105
"GBP",2026-10-21,1.1364935
"GBP",2026-10-22,1.15455372
"GBP",2026-10-23,1.19961366
"GBP",2026-10-24,1.13148759
"GBP",2026-10-25,1.20021221
"GBP",2026-10-26,1.14719376
"GBP",2026-10-27,1.17022562
"GBP",2026-10-28,1.20328893
"GBP",2026-10-29,1.20332294
"GBP",2026-10-30,1.17962349
"GBP",2026-10-31,1.1481289
"GBP",2026-11-01,1.14863335
"GBP",2026-11-02,1.15416515
"GBP",2026-11-03,1.17065286
"GBP",2026-11-04,1.13241372
"GBP",2026-11-05,1.16917403
"GBP",2026-11-06,1.17322119
"GBP",2026-11-07,1.20536174
"GBP",2026-11-08,1.14783276
"GBP",2026-11-09,1.15985452
"GBP",2026-11-10,1.20104727
"GBP",2026-11-11,1.14289983
"GBP",2026-11-12,1.15325174
"GBP",2026-11-13,1.20636679
"GBP",2026-11-14,1.19576886
"GBP",2026-11-15,1.20981103
"GBP",2026-11-16,1.15503471
"GBP",2026-11-17,1.19105971
"GBP",2026-11-18,1.16215299
"GBP",2026-11-19,1.15130545
"GBP",2026-11-20,1.1752122
"GBP",2026-11-21,1.16060462
"GBP",2026-11-22,1.13648322
"GBP",2026-11-23,1.16996716
"GBP",2026-11-24,1.15391447
"GBP",2026-11-25,1.19780392
"GBP",2026-11-26,1.18117121
"GBP",2026-11-27,1.15660213
"GBP",2026-11-28,1.17203198
"GBP",2026-11-29,1.20662224
"GBP",2026-11-30,1.19470467
"GBP",2026-12-01,1.18215336
"GBP",2026-12-02,1.15250628
"GBP",2026-12-03,1.1472094
"GBP",2026-12-04,1.16105969
"GBP",2026-12-05,1.18766767
"GBP",2026-12-06,1.16962178
"GBP",2026-12-07,1.19011523
"GBP",2026-12-08,1.17262974
"GBP",2026-12-09,1.14605223
"GBP",2026-12-10,1.15401867
"GBP",2026-12-11,1.16348786
"GBP",2026-12-12,1.17196069
"GBP",2026-12-13,1.20137811
"GBP",2026-12-14,1.13394784
"GBP",2026-12-15,1.20226236
"GBP",2026-12-16,1.15436475
"GBP",2026-12-17,1.14464837
"GBP",2026-12-18,1.1925473
"GBP",2026-12-19,1.1523652
"GBP",2026-12-20,1.16849921
"GBP",2026-12-21,1.13543782
"GBP",2026-12-22,1.15389355
"GBP",2026-12-23,1.20980616
"GBP",2026-12-24,1.13959065
"GBP",2026-12-25,1.17204337
"GBP",2026-12-26,1.13643726
"GBP",2026-12-27,1.20533637
"GBP",2026-12-28,1.19725499
"GBP",2026-12-29,1.17444569
"GBP",2026-12-30,1.16579627
"GBP",2026-12-31,1.15792586
"GBP",2024-01-01,1.17751509
"GBP",2024-01-02,1.17033904
"GBP",2024-01-03,1.17706393
"GBP",2024-01-04,1.15210696
"GBP",2024-01-05,1.2005675
"GBP",2024-01-06,1.19287352
"GBP",2024-01-07,1.18648201
"GBP",2024-01-08,1.1583986
"GBP",2024-01-09,1.14586325
"GBP",2024-01-10,1.17905338
"GBP",2024-01-11,1.14454757
"GBP",2024-01-12,1.20411368
"GBP",2024-01-13,1.14268355
"GBP",2024-01-14,1.17916003
"GBP",2024-01-15,1.15286698
"GBP",2024-01-16,1.16084797
"GBP",2024-01-17,1.18461553
"GBP",2024-01-18,1.13646177
"GBP",2024-01-19,1.14016912
"GBP",2024-01-20,1.13967042
"GBP",2024-01-21,1.16203995
"GBP",2024-01-22,1.19592553
"GBP",2024-01-23,1.2064284
"GBP",2024-01-24,1.20429532
"GBP",2024-01-25,1.14419673
"GBP",2024-01-26,1.15894354
"GBP",2024-01-27,1.14254577
"GBP",2024-01-28,1.14831467
"GBP",2024-01-29,1.15211336
"GBP",2024-01-30,1.20541806
"GBP",2024-01-31,1.13804109
"GBP",2024-02-01,1.14014484
"GBP",2024-02-02,1.18639126
"GBP",2024-02-03,1.2010826
"GBP",2024-02-04,1.18559482
"GBP",2024-02-05,1.16252819
"GBP",2024-02-06,1.18425163
"GBP",2024-02-07,1.19042985
"GBP",2024-02-08,1.15066096
"GBP",2024-02-09,1.17022801
"GBP",2024-02-10,1.19370175
"GBP",2024-02-11,1.20709487
"GBP",2024-02-12,1.14647888
"GBP",2024-02-13,1.18118276
"GBP",2024-02-14,1.18459786
"GBP",2024-02-15,1.17676054
"GBP",2024-02-16,1.16065413
"GBP",2024-02-17,1.19420618
"GBP",2024-02-18,1.17850514
"GBP",2024-02-19,1.14660638
"GBP",2024-02-20,1.13500679
"GBP",2024-02-21,1.14929494
"GBP",2024-02-22,1.16037122
"GBP",2024-02-23,1.16222468
"GBP",2024-02-24,1.15222119
"GBP",2024-02-25,1.19171182
"GBP",2024-02-26,1.19928258
"GBP",2024-02-27,1.18960969
"GBP",2024-02-28,1.17042163
"GBP",2024-02-29,1.14268086
"GBP",2024-03-01,1.18829158
"GBP",2024-03-02,1.19452311
"GBP",2024-03-03,1.16854344
"GBP",2024-03-04,1.20225452
"GBP",2024-03-05,1.17013598
"GBP",2024-03-06,1.20014239
"GBP",2024-03-07,1.15664187
"GBP",2024-03-08,1.19693518
"GBP",2024-03-09,1.15958988
"GBP",2024-03-10,1.17352794
"GBP",2024-03-11,1.20107598
"GBP",2024-03-12,1.16831728
"GBP",2024-03-13,1.13355664
"GBP",2024-03-14,1.156648
"GBP",2024-03-15,1.19085318
"GBP",2024-03-16,1.13663781
"GBP",2024-03-17,1.16268607
"GBP",2024-03-18,1.15708254
"GBP",2024-03-19,1.1885015
"GBP",2024-03-20,1.19270187
"GBP",2024-03-21,1.17554993
"GBP",2024-03-22,1.14755255
"GBP",2024-03-23,1.16760961
"GBP",2024-03-24,1.18248458
"GBP",2024-03-25,1.15764273
"GBP",2024-03-26,1.16026228
"GBP",2024-03-27,1.20185666
"GBP",2024-03-28,1.17567384
"GBP",2024-03-29,1.18069229
"GBP",2024-03-30,1.14601645
"GBP",2024-03-31,1.17520904
"GBP",2024-04-01,1.16254321
"GBP",2024-04-02,1.17495296
"GBP",2024-04-03,1.1892044
"GBP",2024-04-04,1.16248252
"GBP",2024-04-05,1.15383773
"GBP",2024-04-06,1.19723727
"GBP",2024-04-07,1.17312075
"GBP",2024-04-08,1.16811794
"GBP",2024-04-09,1.13418774
"GBP",2024-04-10,1.14028848
"GBP",2024-04-11,1.15173011
"GBP",2024-04-12,1.15252347
"EUR",2024-03-15,1
"EUR",2024-03-16,1
"EUR",2024-03-17,1
"EUR",2024-03-18,1
"EUR",2024-03-19,1
"EUR",2024-03-20,1
"EUR",2024-03-21,1
"EUR",2024-03-22,1
"EUR",2024-03-23,1
"EUR",2024-03-24,1
"EUR",2024-03-25,1
"EUR",2024-03-26,1
"EUR",2024-03-27,1
"EUR",2024-03-28,1
"EUR",2024-03-29,1
"EUR",2024-03-30,1
"EUR",2024-03-31,1
"EUR",2024-04-01,1
"EUR",2024-04-02,1
"EUR",2024-04-03,1
"EUR",2024-04-04,1
"EUR",2024-04-05,1
"EUR",2024-04-06,1
"EUR",2024-04-07,1
"EUR",2024-04-08,1
"EUR",2024-04-09,1
"EUR",2024-04-10,1
"EUR",2024-04-11,1
"EUR",2024-04-12,1
"EUR",2024-04-13,1
"EUR",2024-04-14,1
"EUR",2024-04-15,1
"EUR",2024-04-16,1
"EUR",2024-04-17,1
"EUR",2024-04-18,1
"EUR",2024-04-19,1
"EUR",2024-04-20,1
"EUR",2024-04-21,1
"EUR",2024-04-22,1
"EUR",2024-04-23,1
"EUR",2024-04-24,1
"EUR",2024-04-25,1
"EUR",2024-04-26,1
"EUR",2024-04-27,1
"EUR",2024-04-28,1
"EUR",2024-04-29,1
"EUR",2024-04-30,1
"EUR",2024-05-01,1
"EUR",2024-05-02,1
"EUR",2024-05-03,1
"EUR",2024-05-04,1
"EUR",2024-05-05,1
"EUR",2024-05-06,1
"EUR",2024-05-07,1
"EUR",2024-05-08,1
"EUR",2024-05-09,1
"EUR",2024-05-10,1
"EUR",2024-05-11,1
"EUR",2024-05-12,1
"EUR",2024-05-13,1
"EUR",2024-05-14,1
"EUR",2024-05-15,1
"EUR",2024-05-16,1
"EUR",2024-05-17,1
"EUR",2024-05-18,1
"EUR",2024-05-19,1
"EUR",2024-05-20,1
"EUR",2024-05-21,1
"EUR",2024-05-22,1
"EUR",2024-05-23,1
"EUR",2024-05-24,1
"EUR",2024-05-25,1
"EUR",2024-05-26,1
"EUR",2024-05-27,1
"EUR",2024-05-28,1
"EUR",2024-05-29,1
"EUR",2024-05-30,1
"EUR",2024-05-31,1
"EUR",2024-06-01,1
"EUR",2024-06-02,1
"EUR",2024-06-03,1
"EUR",2024-06-04,1
"EUR",2024-06-05,1
"EUR",2024-06-06,1
"EUR",2024-06-07,1
"EUR",2024-06-08,1
"EUR",2024-06-09,1
"EUR",2024-06-10,1
"EUR",2024-06-11,1
"EUR",2024-06-12,1
"EUR",2024-06-13,1
"EUR",2024-06-14,1
"EUR",2024-06-15,1
"EUR",2024-06-16,1
"EUR",2024-06-17,1
"EUR",2024-06-18,1
"EUR",2024-06-19,1
"EUR",2024-06-20,1
"EUR",2024-06-21,1
"EUR",2024-06-22,1
"EUR",2024-06-23,1
"EUR",2024-06-24,1
"EUR",2024-06-25,1
"EUR",2024-06-26,1
"EUR",2024-06-27,1
"EUR",2024-06-28,1
"EUR",2024-06-29,1
"EUR",2024-06-30,1
"EUR",2024-07-01,1
"EUR",2024-07-02,1
"EUR",2024-07-03,1
"EUR",2024-07-04,1
"EUR",2024-07-05,1
"EUR",2024-07-06,1
"EUR",2024-07-07,1
"EUR",2024-07-08,1
"EUR",2024-07-09,1
"EUR",2024-07-10,1
"EUR",2024-07-11,1
"EUR",2024-07-12,1
"EUR",2024-07-13,1
"EUR",2024-07-14,1
"EUR",2024-07-15,1
"EUR",2024-07-16,1
"EUR",2024-07-17,1
"EUR",2024-07-18,1
"EUR",2024-07-19,1
"EUR",2024-07-20,1
"EUR",2024-07-21,1
"EUR",2024-07-22,1
"EUR",2024-07-23,1
"EUR",2024-07-24,1
"EUR",2024-07-25,1
"EUR",2024-07-26,1
"EUR",2024-07-27,1
"EUR",2024-07-28,1
"EUR",2024-07-29,1
"EUR",2024-07-30,1
"EUR",2024-07-31,1
"EUR",2024-08-01,1
"EUR",2024-08-02,1
"EUR",2024-08-03,1
"EUR",2024-08-04,1
"EUR",2024-08-05,1
"EUR",2024-08-06,1
"EUR",2024-08-07,1
"EUR",2024-08-08,1
"EUR",2024-08-09,1
"EUR",2024-08-10,1
"EUR",2024-08-11,1
"EUR",2024-08-12,1
"EUR",2024-08-13,1
"EUR",2024-08-14,1
"EUR",2024-08-15,1
"EUR",2024-08-16,1
"EUR",2024-08-17,1
"EUR",2024-08-18,1
"EUR",2024-08-19,1
"EUR",2024-08-20,1
"EUR",2024-08-21,1
"EUR",2024-08-22,1
"EUR",2024-08-23,1
"EUR",2024-08-24,1
"EUR",2024-08-25,1
"EUR",2024-08-26,1
"EUR",2024-08-27,1
"EUR",2024-08-28,1
"EUR",2024-08-29,1
"EUR",2024-08-30,1
"EUR",2024-08-31,1
"EUR",2024-09-01,1
"EUR",2024-09-02,1
"EUR",2024-09-03,1
"EUR",2024-09-04,1
"EUR",2024-09-05,1
"EUR",2024-09-06,1
"EUR",2024-09-07,1
"EUR",2024-09-08,1
"EUR",2024-09-09,1
"EUR",2024-09-10,1
"EUR",2024-09-11,1
"EUR",2024-09-12,1
"EUR",2024-09-13,1
"EUR",2024-09-14,1
"EUR",2024-09-15,1
"EUR",2024-09-16,1
"EUR",2024-09-17,1
"EUR",2024-09-18,1
"EUR",2024-09-19,1
"EUR",2024-09-20,1
"EUR",2024-09-21,1
"EUR",2024-09-22,1
"EUR",2024-09-23,1
"EUR",2024-09-24,1
"EUR",2024-09-25,1
"EUR",2024-09-26,1
"EUR",2024-09-27,1
"EUR",2024-09-28,1
"EUR",2024-09-29,1
"EUR",2024-09-30,1
"EUR",2024-10-01,1
"EUR",2024-10-02,1
"EUR",2024-10-03,1
"EUR",2024-10-04,1
"EUR",2024-10-05,1
"EUR",2024-10-06,1
"EUR",2024-10-07,1
"EUR",2024-10-08,1
"EUR",2024-10-09,1
"EUR",2024-10-10,1
"EUR",2024-10-11,1
"EUR",2024-10-12,1
"EUR",2024-10-13,1
"EUR",2024-10-14,1
"EUR",2024-10-15,1
"EUR",2024-10-16,1
"EUR",2024-10-17,1
"EUR",2024-10-18,1
"EUR",2024-10-19,1
"EUR",2024-10-20,1
"EUR",2024-10-21,1
"EUR",2024-10-22,1
"EUR",2024-10-23,1
"EUR",2024-10-24,1
"EUR",2024-10-25,1
"EUR",2024-10-26,1
"EUR",2024-10-27,1
"EUR",2024-10-28,1
"EUR",2024-10-29,1
"EUR",2024-10-30,1
"EUR",2024-10-31,1
"EUR",2024-11-01,1
"EUR",2024-11-02,1
"EUR",2024-11-03,1
"EUR",2024-11-04,1
"EUR",2024-11-05,1
"EUR",2024-11-06,1
"EUR",2024-11-07,1
"EUR",2024-11-08,1
"EUR",2024-11-09,1
"EUR",2024-11-10,1
"EUR",2024-11-11,1
"EUR",2024-11-12,1
"EUR",2024-11-13,1
"EUR",2024-11-14,1
"EUR",2024-11-15,1
"EUR",2024-11-16,1
"EUR",2024-11-17,1
"EUR",2024-11-18,1
"EUR",2024-11-19,1
"EUR",2024-11-20,1
"EUR",2024-11-21,1
"EUR",2024-11-22,1
"EUR",2024-11-23,1
"EUR",2024-11-24,1
"EUR",2024-11-25,1
"EUR",2024-11-26,1
"EUR",2024-11-27,1
"EUR",2024-11-28,1
"EUR",2024-11-29,1
"EUR",2024-11-30,1
"EUR",2024-12-01,1
"EUR",2024-12-02,1
"EUR",2024-12-03,1
"EUR",2024-12-04,1
"EUR",2024-12-05,1
"EUR",2024-12-06,1
"EUR",2024-12-07,1
"EUR",2024-12-08,1
"EUR",2024-12-09,1
"EUR",2024-12-10,1
"EUR",2024-12-11,1
"EUR",2024-12-12,1
"EUR",2024-12-13,1
"EUR",2024-12-14,1
"EUR",2024-12-15,1
"EUR",2024-12-16,1
"EUR",2024-12-17,1
"EUR",2024-12-18,1
"EUR",2024-12-19,1
"EUR",2024-12-20,1
"EUR",2024-12-21,1
"EUR",2024-12-22,1
"EUR",2024-12-23,1
"EUR",2024-12-24,1
"EUR",2024-12-25,1
"EUR",2024-12-26,1
"EUR",2024-12-27,1
"EUR",2024-12-28,1
"EUR",2024-12-29,1
"EUR",2024-12-30,1
"EUR",2024-12-31,1
"EUR",2025-01-01,1
"EUR",2025-01-02,1
"EUR",2025-01-03,1
"EUR",2025-01-04,1
"EUR",2025-01-05,1
"EUR",2025-01-06,1
"EUR",2025-01-07,1
"EUR",2025-01-08,1
"EUR",2025-01-09,1
"EUR",2025-01-10,1
"EUR",2025-01-11,1
"EUR",2025-01-12,1
"EUR",2025-01-13,1
"EUR",2025-01-14,1
"EUR",2025-01-15,1
"EUR",2025-01-16,1
"EUR",2025-01-17,1
"EUR",2025-01-18,1
"EUR",2025-01-19,1
"EUR",2025-01-20,1
"EUR",2025-01-21,1
"EUR",2025-01-22,1
"EUR",2025-01-23,1
"EUR",2025-01-24,1
"EUR",2025-01-25,1
"EUR",2025-01-26,1
"EUR",2025-01-27,1
"EUR",2025-01-28,1
"EUR",2025-01-29,1
"EUR",2025-01-30,1
"EUR",2025-01-31,1
"EUR",2025-02-01,1
"EUR",2025-02-02,1
"EUR",2025-02-03,1
"EUR",2025-02-04,1
"EUR",2025-02-05,1
"EUR",2025-02-06,1
"EUR",2025-02-07,1
"EUR",2025-02-08,1
"EUR",2025-02-09,1
"EUR",2025-02-10,1
"EUR",2025-02-11,1
"EUR",2025-02-12,1
"EUR",2025-02-13,1
"EUR",2025-02-14,1
"EUR",2025-02-15,1
"EUR",2025-02-16,1
"EUR",2025-02-17,1
"EUR",2025-02-18,1
"EUR",2025-02-19,1
"EUR",2025-02-20,1
"EUR",2025-02-21,1
"EUR",2025-02-22,1
"EUR",2025-02-23,1
"EUR",2025-02-24,1
"EUR",2025-02-25,1
"EUR",2025-02-26,1
"EUR",2025-02-27,1
"EUR",2025-02-28,1
"EUR",2025-03-01,1
"EUR",2025-03-02,1
"EUR",2025-03-03,1
"EUR",2025-03-04,1
"EUR",2025-03-05,1
"EUR",2025-03-06,1
"EUR",2025-03-07,1
"EUR",2025-03-08,1
"EUR",2025-03-09,1
"EUR",2025-03-10,1
"EUR",2025-03-11,1
"EUR",2025-03-12,1
"EUR",2025-03-13,1
"EUR",2025-03-14,1
"EUR",2025-03-15,1
"EUR",2025-03-16,1
"EUR",2025-03-17,1
"EUR",2025-03-18,1
"EUR",2025-03-19,1
"USD",2025-03-20,0.94410454
"USD",2025-03-21,0.92120157
"USD",2025-03-22,0.93610575
"USD",2025-03-23,0.94975518
"USD",2025-03-24,0.92387401
"USD",2025-03-25,0.9016166
"USD",2025-03-26,0.90201961
"USD",2025-03-27,0.90292185
"USD",2025-03-28,0.90391799
"USD",2025-03-29,0.92910855
"USD",2025-03-30,0.89831737
"USD",2025-03-31,0.94089999
"USD",2025-04-01,0.93555435
"USD",2025-04-02,0.94571361
"USD",2025-04-03,0.94379825
"USD",2025-04-04,0.91215793
"USD",2025-04-05,0.9244362
"USD",2025-04-06,0.92783245
"USD",2025-04-07,0.91414651
"USD",2025-04-08,0.92052101
"USD",2025-04-09,0.92409325
"USD",2025-04-10,0.91064443
"USD",2025-04-11,0.91085868
"USD",2025-04-12,0.8976095
"USD",2025-04-13,0.93825677
"USD",2025-04-14,0.91204048
"USD",2025-04-15,0.89123532
"USD",2025-04-16,0.94784786
"USD",2025-04-17,0.91514316
"USD",2025-04-18,0.94589774
"USD",2025-04-19,0.92905707
"USD",2025-04-20,0.91123531
"USD",2025-04-21,0.9371182
"USD",2025-04-22,0.93906254
"USD",2025-04-23,0.89935496
"USD",2025-04-24,0.90169698
"USD",2025-04-25,0.91444246
"USD",2025-04-26,0.93128355
"USD",2025-04-27,0.90040947
"USD",2025-04-28,0.92117435
"USD",2025-04-29,0.90472969
"USD",2025-04-30,0.93935638
"USD",2025-05-01,0.94626059
"USD",2025-05-02,0.91308024
"USD",2025-05-03,0.91552307
"USD",2025-05-04,0.93561163
"USD",2025-05-05,0.90135998
"USD",2025-05-06,0.93170827
"USD",2025-05-07,0.90384597
"USD",2025-05-08,0.8941339
"USD",2025-05-09,0.93491972
"USD",2025-05-10,0.89130414
"USD",2025-05-11,0.94180548
"USD",2025-05-12,0.90461414
"USD",2025-05-13,0.90664539
"USD",2025-05-14,0.93236131
"USD",2025-05-15,0.94324205
"USD",2025-05-16,0.93734108
"USD",2025-05-17,0.94760304
"USD",2025-05-18,0.94901717
"USD",2025-05-19,0.89751433
"USD",2025-05-20,0.94107668
"USD",2025-05-21,0.92415716
"USD",2025-05-22,0.8910362
"USD",2025-05-23,0.91817108
"USD",2025-05-24,0.90767233
"USD",2025-05-25,0.89259698
"USD",2025-05-26,0.89999682
"USD",2025-05-27,0.92699716
"USD",2025-05-28,0.89420772
"USD",2025-05-29,0.94333228
"USD",2025-05-30,0.9391659
"USD",2025-05-31,0.91718883
"USD",2025-06-01,0.91040711
"USD",2025-06-02,0.94360125
"USD",2025-06-03,0.94961632
"USD",2025-06-04,0.89625606
"USD",2025-06-05,0.92221866
"USD",2025-06-06,0.93931778
"USD",2025-06-07,0.89210273
"USD",2025-06-08,0.91617438
"USD",2025-06-09,0.93615505
"USD",2025-06-10,0.949152
"USD",2025-06-11,0.90694864
"USD",2025-06-12,0.90051188
"USD",2025-06-13,0.94570247
"USD",2025-06-14,0.89359662
"USD",2025-06-15,0.93036025
"USD",2025-06-16,0.92640362
"USD",2025-06-17,0.89695801
"USD",2025-06-18,0.90071415
"USD",2025-06-19,0.9219568
"USD",2025-06-20,0.92236023
"USD",2025-06-21,0.93456663
"USD",2025-06-22,0.92221054
"USD",2025-06-23,0.93290078
"USD",2025-06-24,0.89702871
"USD",2025-06-25,0.94885757
"USD",2025-06-26,0.92307706
"USD",2025-06-27,0.89252023
"USD",2025-06-28,0.93981935
"USD",2025-06-29,0.89469226
"USD",2025-06-30,0.92087417
"USD",2025-07-01,0.93103479
"USD",2025-07-02,0.91454101
"USD",2025-07-03,0.92852097
"USD",2025-07-04,0.89092046
"USD",2025-07-05,0.94806153
"USD",2025-07-06,0.9368328
"USD",2025-07-07,0.89596317
"USD",2025-07-08,0.93446405
"USD",2025-07-09,0.90941643
"USD",2025-07-10,0.92349613
"USD",2025-07-11,0.94675505
"USD",2025-07-12,0.90596581
"USD",2025-07-13,0.90802621
"USD",2025-07-14,0.93677915
"USD",2025-07-15,0.92775377
"USD",2025-07-16,0.93139645
"USD",2025-07-17,0.8945747
"USD",2025-07-18,0.91463034
"USD",2025-07-19,0.90331113
"USD",2025-07-20,0.93195361
"USD",2025-07-21,0.89935739
"USD",2025-07-22,0.93877435
"USD",2025-07-23,0.91554283
"USD",2025-07-24,0.92206667
"USD",2025-07-25,0.92421754
"USD",2025-07-26,0.90926468
"USD",2025-07-27,0.91667831
"USD",2025-07-28,0.89213655
"USD",2025-07-29,0.9460754
"USD",2025-07-30,0.92691092
"USD",2025-07-31,0.91019195
"USD",2025-08-01,0.93313753
"USD",2025-08-02,0.94071539
"USD",2025-08-03,0.91467602
"USD",2025-08-04,0.89007246
"USD",2025-08-05,0.90501017
"USD",2025-08-06,0.94734468
"USD",2025-08-07,0.89166564
"USD",2025-08-08,0.93806066
"USD",2025-08-09,0.94977669
"USD",2025-08-10,0.89989974
"USD",2025-08-11,0.89371305
"USD",2025-08-12,0.91667996
"USD",2025-08-13,0.93998301
"USD",2025-08-14,0.90913938
"USD",2025-08-15,0.9123204
"USD",2025-08-16,0.903607
"USD",2025-08-17,0.93747548
"USD",2025-08-18,0.92165905
"USD",2025-08-19,0.9021687
"USD",2025-08-20,0.90503067
"USD",2025-08-21,0.90187762
"USD",2025-08-22,0.92859369
"USD",2025-08-23,0.92023509
"USD",2025-08-24,0.89294085
"USD",2025-08-25,0.90525234
"USD",2025-08-26,0.93380568
"USD",2025-08-27,0.89519928
"USD",2025-08-28,0.893057
"USD",2025-08-29,0.94413694
"USD",2025-08-30,0.91374372
"USD",2025-08-31,0.91615512
"USD",2025-09-01,0.91760157
"USD",2025-09-02,0.90013182
"USD",2025-09-03,0.94817215
"USD",2025-09-04,0.9468275
"USD",2025-09-05,0.92097598
"USD",2025-09-06,0.90537089
"USD",2025-09-07,0.93844478
"USD",2025-09-08,0.91581444
"USD",2025-09-09,0.93117314
"USD",2025-09-10,0.90447445
"USD",2025-09-11,0.91834339
"USD",2025-09-12,0.92999109
"USD",2025-09-13,0.92193662
"USD",2025-09-14,0.91849677
"USD",2025-09-15,0.90109475
"USD",2025-09-16,0.92914982
"USD",2025-09-17,0.90954215
"USD",2025-09-18,0.89587659
"USD",2025-09-19,0.92143338
"USD",2025-09-20,0.93170897
"USD",2025-09-21,0.90401417
"USD",2025-09-22,0.9246691
"USD",2025-09-23,0.89714601
"USD",2025-09-24,0.91313279
"USD",2025-09-25,0.94838987
"USD",2025-09-26,0.92452107
"USD",2025-09-27,0.9198753
"USD",2025-09-28,0.89312946
"USD",2025-09-29,0.89914711
"USD",2025-09-30,0.9110884
"USD",2025-10-01,0.91782075
"USD",2025-10-02,0.90566224
"USD",2025-10-03,0.8999085
"USD",2025-10-04,0.89807189
"USD",2025-10-05,0.89054056
"USD",2025-10-06,0.94765594
"USD",2025-10-07,0.8953539
"USD",2025-10-08,0.89758416
"USD",2025-10-09,0.93813484
"USD",2025-10-10,0.94478014
"USD",2025-10-11,0.89194993
"USD",2025-10-12,0.89000245
"USD",2025-10-13,0.9421598
"USD",2025-10-14,0.93696729
"USD",2025-10-15,0.93037439
"USD",2025-10-16,0.93968844
"USD",2025-10-17,0.89938491
"USD",2025-10-18,0.912483
"USD",2025-10-19,0.91112893
"USD",2025-10-20,0.90523907
"USD",2025-10-21,0.93690825
"USD",2025-10-22,0.90707117
"USD",2025-10-23,0.91880603
"USD",2025-10-24,0.92088973
"USD",2025-10-25,0.93928791
"USD",2025-10-26,0.91599144
"USD",2025-10-27,0.93465289
"USD",2025-10-28,0.91804745
"USD",2025-10-29,0.94995697
"USD",2025-10-30,0.93012309
"USD",2025-10-31,0.92645929
"USD",2025-11-01,0.90626554
"USD",2025-11-02,0.93147667
"USD",2025-11-03,0.94108164
"USD",2025-11-04,0.91254634
"USD",2025-11-05,0.91888395
"USD",2025-11-06,0.92764703
"USD",2025-11-07,0.92729052
"USD",2025-11-08,0.92608093
"USD",2025-11-09,0.94922959
"USD",2025-11-10,0.92392996
"USD",2025-11-11,0.91149208
"USD",2025-11-12,0.89587904
"USD",2025-11-13,0.91359318
"USD",2025-11-14,0.91867626
"USD",2025-11-15,0.94438856
"USD",2025-11-16,0.91435754
"USD",2025-11-17,0.90653092
"USD",2025-11-18,0.93561579
"USD",2025-11-19,0.90951879
"USD",2025-11-20,0.93976013
"USD",2025-11-21,0.90678356
"USD",2025-11-22,0.91020063
"USD",2025-11-23,0.92795314
"USD",2025-11-24,0.94197813
"USD",2025-11-25,0.90710867
"USD",2025-11-26,0.93165368
"USD",2025-11-27,0.94456139
"USD",2025-11-28,0.92611934
"USD",2025-11-29,0.89049752
"USD",2025-11-30,0.92777903
"USD",2025-12-01,0.93181319
"USD",2025-12-02,0.9138497
"USD",2025-12-03,0.91961151
"USD",2025-12-04,0.93586178
"USD",2025-12-05,0.91449627
"USD",2025-12-06,0.9188864
"USD",2025-12-07,0.91980683
"USD",2025-12-08,0.9142578
"USD",2025-12-09,0.90645533
"USD",2025-12-10,0.93891803
"USD",2025-12-11,0.93331487
"USD",2025-12-12,0.93397508
"USD",2025-12-13,0.91700797
"USD",2025-12-14,0.92883224
"USD",2025-12-15,0.90558451
"USD",2025-12-16,0.90145973
"USD",2025-12-17,0.94316357
"USD",2025-12-18,0.93742064
"USD",2025-12-19,0.92490371
"USD",2025-12-20,0.93551023
"USD",2025-12-21,0.92441302
"USD",2025-12-22,0.93483101
"USD",2025-12-23,0.9101576
"USD",2025-12-24,0.90807623
"USD",2025-12-25,0.91843742
"USD",2025-12-26,0.92337421
"USD",2025-12-27,0.91313035
"USD",2025-12-28,0.93564303
"USD",2025-12-29,0.94866568
"USD",2025-12-30,0.91938147
"USD",2025-12-31,0.90542606
"USD",2026-01-01,0.90910371
"USD",2026-01-02,0.94993063
"USD",2026-01-03,0.9188411
"USD",2026-01-04,0.90979174
"USD",2026-01-05,0.93598835
"USD",2026-01-06,0.92476544
"USD",2026-01-07,0.94340001
"USD",2026-01-08,0.94293406
"USD",2026-01-09,0.90084389
"USD",2026-01-10,0.90327556
"USD",2026-01-11,0.94984578
"USD",2026-01-12,0.91959088
"USD",2026-01-13,0.93652676
"USD",2026-01-14,0.91859238
"USD",2026-01-15,0.92236807
"USD",2026-01-16,0.92166036
"USD",2026-01-17,0.92111671
"USD",2026-01-18,0.92939877
"USD",2026-01-19,0.94201238
"USD",2026-01-20,0.91716391
"USD",2026-01-21,0.91897441
"USD",2026-01-22,0.91095035
"USD",2026-01-23,0.91065512
"USD",2026-01-24,0.94585526
"USD",2026-01-25,0.90025061
"USD",2026-01-26,0.9472239
"USD",2026-01-27,0.94274186
"USD",2026-01-28,0.92150481
"USD",2026-01-29,0.91316195
"USD",2026-01-30,0.94826787
"USD",2026-01-31,0.93523289
"USD",2026-02-01,0.93336151
"USD",2026-02-02,0.90638596
"USD",2026-02-03,0.90775913
"USD",2026-02-04,0.8931066
"USD",2026-02-05,0.91996343
"USD",2026-02-06,0.8917734
"USD",2026-02-07,0.92223225
"USD",2026-02-08,0.89851858
"USD",2026-02-09,0.91230362
"USD",2026-02-10,0.89643913
"USD",2026-02-11,0.93726642
"USD",2026-02-12,0.89449458
"USD",2026-02-13,0.922037
"USD",2026-02-14,0.8930054
"USD",2026-02-15,0.90719907
"USD",2026-02-16,0.94181796
"USD",2026-02-17,0.93919294
"USD",2026-02-18,0.89783619
"USD",2026-02-19,0.91538658
"USD",2026-02-20,0.94029426
"USD",2026-02-21,0.90461744
"USD",2026-02-22,0.90961603
"USD",2026-02-23,0.94003659
"USD",2026-02-24,0.90128132
"USD",2026-02-25,0.91935431
"USD",2026-02-26,0.94715454
"USD",2026-02-27,0.91158296
"USD",2026-02-28,0.94129655
"USD",2026-03-01,0.8991503
"USD",2026-03-02,0.9230333
"USD",2026-03-03,0.9286329
"USD",2026-03-04,0.92629557
"USD",2026-03-05,0.91722985
"USD",2026-03-06,0.92103469
"USD",2026-03-07,0.89295238
"USD",2026-03-08,0.9495543
"USD",2026-03-09,0.93830017
"USD",2026-03-10,0.89082463
"USD",2026-03-11,0.93088665
"USD",2026-03-12,0.94396398
"USD",2026-03-13,0.92755584
"USD",2026-03-14,0.9166652
"USD",2026-03-15,0.94650696
"USD",2026-03-16,0.94920091
"USD",2026-03-17,0.92197981
"USD",2026-03-18,0.92814942
"USD",2026-03-19,0.90247308
"USD",2026-03-20,0.9350482
"USD",2026-03-21,0.9080868
"USD",2026-03-22,0.91261049
"USD",2026-03-23,0.93303612
"USD",2026-03-24,0.93612225
"USD",2026-03-25,0.93277798
"USD",2026-03-26,0.93830446
"USD",2026-03-27,0.94651422
"USD",2026-03-28,0.90271582
"USD",2026-03-29,0.9035405
"USD",2026-03-30,0.92934208
"USD",2026-03-31,0.94440315
"USD",2026-04-01,0.92911373
"USD",2026-04-02,0.92480671
"USD",2026-04-03,0.90086516
"USD",2026-04-04,0.93481415
"USD",2026-04-05,0.93953346
"USD",2026-04-06,0.92747382
"USD",2026-04-07,0.94021881
"USD",2026-04-08,0.89404889
"USD",2026-04-09,0.91033717
"USD",2026-04-10,0.89383003
"USD",2026-04-11,0.94808572
"USD",2026-04-12,0.93578194
"USD",2026-04-13,0.91674879
"USD",2026-04-14,0.92450138
"USD",2026-04-15,0.91189354
"USD",2026-04-16,0.93949516
"USD",2026-04-17,0.93659724
"USD",2026-04-18,0.94776545
"USD",2026-04-19,0.89250968
"USD",2026-04-20,0.94632952
"USD",2026-04-21,0.93744111
"USD",2026-04-22,0.90976502
"USD",2026-04-23,0.89461907
"USD",2026-04-24,0.9274188
"USD",2026-04-25,0.94192828
"USD",2026-04-26,0.91133776
"USD",2026-04-27,0.92514712
"USD",2026-04-28,0.93901139
"USD",2026-04-29,0.93077034
"USD",2026-04-30,0.90037677
"USD",2026-05-01,0.94735553
"USD",2026-05-02,0.92866803
"USD",2026-05-03,0.91310688
"USD",2026-05-04,0.90168979
"USD",2026-05-05,0.91570079
"USD",2026-05-06,0.93349744
"USD",2026-05-07,0.90502967
"USD",2026-05-08,0.906884
"USD",2026-05-09,0.89055585
"USD",2026-05-10,0.90953807
"USD",2026-05-11,0.92580983
"USD",2026-05-12,0.92623514
"USD",2026-05-13,0.94825503
"USD",2026-05-14,0.90179699
"USD",2026-05-15,0.94258818
"USD",2026-05-16,0.93450403
"USD",2026-05-17,0.92253128
"USD",2026-05-18,0.92271949
"USD",2026-05-19,0.93054344
"USD",2026-05-20,0.94081414
"USD",2026-05-21,0.94284374
"USD",2026-05-22,0.89015693
"USD",2026-05-23,0.92330552
"USD",2026-05-24,0.93396116
"USD",2026-05-25,0.92182194
"USD",2026-05-26,0.92104201
"USD",2026-05-27,0.94614447
"USD",2026-05-28,0.93601228
"USD",2026-05-29,0.92382554
"USD",2026-05-30,0.9203038
"USD",2026-05-31,0.9378506
"USD",2026-06-01,0.93757434
"USD",2026-06-02,0.93271692
"USD",2026-06-03,0.93344404
"USD",2026-06-04,0.90551981
"USD",2026-06-05,0.91378651
"USD",2026-06-06,0.91927938
"USD",2026-06-07,0.93177845
"USD",2026-06-08,0.94138539
"USD",2026-06-09,0.91244939
"USD",2026-06-10,0.89903324
"USD",2026-06-11,0.91240708
"USD",2026-06-12,0.9240006
"USD",2026-06-13,0.8907647
"USD",2026-06-14,0.89812651
"USD",2026-06-15,0.93002929
"USD",2026-06-16,0.89426905
"USD",2026-06-17,0.92715036
"USD",2026-06-18,0.90013829
"USD",2026-06-19,0.92247172
"USD",2026-06-20,0.9021519
"USD",2026-06-21,0.91799086
"USD",2026-06-22,0.93916832
"USD",2026-06-23,0.90407587
"USD",2026-06-24,0.94433793
"USD",2026-06-25,0.91917747
"USD",2026-06-26,0.89971004
"USD",2026-06-27,0.90925135
"USD",2026-06-28,0.94770206
"USD",2026-06-29,0.94952633
"USD",2026-06-30,0.90380124
"USD",2026-07-01,0.89288026
"USD",2026-07-02,0.89445834
"USD",2026-07-03,0.93327276
"USD",2026-07-04,0.89298211
"USD",2026-07-05,0.94132965
"USD",2026-07-06,0.89002166
"USD",2026-07-07,0.91753441
"USD",2026-07-08,0.94357544
"USD",2026-07-09,0.93397357
"USD",2026-07-10,0.89695342
"USD",2026-07-11,0.93156452
"USD",2026-07-12,0.94512657
"USD",2026-07-13,0.90454403
"USD",2026-07-14,0.94157884
"USD",2026-07-15,0.89097025
"USD",2026-07-16,0.93018622
"USD",2026-07-17,0.92757458
"USD",2026-07-18,0.91111151
"USD",2026-07-19,0.93196023
"USD",2026-07-20,0.89351373
"USD",2026-07-21,0.89829637
"USD",2026-07-22,0.90400313
"USD",2026-07-23,0.91299386
"USD",2026-07-24,0.93437967
"USD",2026-07-25,0.93218853
"USD",2026-07-26,0.90675181
"USD",2026-07-27,0.94242696
"USD",2026-07-28,0.89269539
"USD",2026-07-29,0.90322187
"USD",2026-07-30,0.91331285
"USD",2026-07-31,0.93308063
"USD",2026-08-01,0.93465872
"USD",2026-08-02,0.94584373
"USD",2026-08-03,0.89572215
"USD",2026-08-04,0.90201535
"USD",2026-08-05,0.90373672
"USD",2026-08-06,0.92402226
"USD",2026-08-07,0.91829911
"USD",2026-08-08,0.89170195
"USD",2026-08-09,0.91400285
"USD",2026-08-10,0.90122247
"USD",2026-08-11,0.90871487
"USD",2026-08-12,0.89526486
"USD",2026-08-13,0.93701575
"USD",2026-08-14,0.89373074
"USD",2026-08-15,0.9189611
"USD",2026-08-16,0.91935454
"USD",2026-08-17,0.94165044
"USD",2026-08-18,0.90544945
"USD",2026-08-19,0.90113771
"USD",2026-08-20,0.90322377
"USD",2026-08-21,0.91754772
"USD",2026-08-22,0.90170519
"USD",2026-08-23,0.9125202
"USD",2026-08-24,0.94818091
"USD",2026-08-25,0.93506879
"USD",2026-08-26,0.91121015
"USD",2026-08-27,0.92569972
"USD",2026-08-28,0.8956775
"USD",2026-08-29,0.89455152
"USD",2026-08-30,0.91333451
"USD",2026-08-31,0.90061504
"USD",2026-09-01,0.92823416
"USD",2026-09-02,0.92981729
"USD",2026-09-03,0.90267557
"USD",2026-09-04,0.94357987
"USD",2026-09-05,0.89886329
"USD",2026-09-06,0.93856629
"USD",2026-09-07,0.90987796
"USD",2026-09-08,0.8926722
"USD",2026-09-09,0.89418908
"USD",2026-09-10,0.93879704
"USD",2026-09-11,0.92982639
"USD",2026-09-12,0.9372251
"USD",2026-09-13,0.94052948
"USD",2026-09-14,0.90202712
"USD",2026-09-15,0.93296424
"USD",2026-09-16,0.94234841
"USD",2026-09-17,0.92603011
"USD",2026-09-18,0.94763798
"USD",2026-09-19,0.91788952
"USD",2026-09-20,0.89565072
"USD",2026-09-21,0.92024311
"USD",2026-09-22,0.91492707
"USD",2026-09-23,0.93583304
"USD",2026-09-24,0.93126154
"USD",2026-09-25,0.91972751
"USD",2026-09-26,0.90705388
"USD",2026-09-27,0.93142187
"USD",2026-09-28,0.90769285
"USD",2026-09-29,0.90828824
"USD",2026-09-30,0.94735676
"USD",2026-10-01,0.92891415
"USD",2026-10-02,0.9299361
"USD",2026-10-03,0.89382015
"USD",2026-10-04,0.91389804
"USD",2026-10-05,0.90229475
"USD",2026-10-06,0.90412816
"USD",2026-10-07,0.92558204
"USD",2026-10-08,0.9136087
"USD",2026-10-09,0.9216333
"USD",2026-10-10,0.92354362
"USD",2026-10-11,0.93044749
"USD",2026-10-12,0.94527584
"USD",2026-10-13,0.9483628
"USD",2026-10-14,0.89375325
"USD",2026-10-15,0.92957484
"USD",2026-10-16,0.94466943
"USD",2026-10-17,0.9048686
"USD",2026-10-18,0.92421103
"USD",2026-10-19,0.93270677
"USD",2026-10-20,0.93909967
"USD",2026-10-21,0.93135045
"USD",2026-10-22,0.92592061
"USD",2026-10-23,0.91947859
"USD",2026-10-24,0.89916755
"USD",2026-10-25,0.94187658
"USD",2026-10-26,0.89796167
"USD",2026-10-27,0.94687117
"USD",2026-10-28,0.94409744
"USD",2026-10-29,0.90127273
"USD",2026-10-30,0.91715154
"USD",2026-10-31,0.93592305
"USD",2026-11-01,0.94879211
"USD",2026-11-02,0.9326083
"USD",2026-11-03,0.89800922
"USD",2026-11-04,0.90269508
"USD",2026-11-05,0.94212113
"USD",2026-11-06,0.89135325
"USD",2026-11-07,0.91611152
"USD",2026-11-08,0.92563582
"USD",2026-11-09,0.90459754
"USD",2026-11-10,0.91589203
"USD",2026-11-11,0.9064776
"USD",2026-11-12,0.94291381
"USD",2026-11-13,0.91625233
"USD",2026-11-14,0.89940397
"USD",2026-11-15,0.89981794
"USD",2026-11-16,0.9095965
"USD",2026-11-17,0.89070165
"USD",2026-11-18,0.90547257
"USD",2026-11-19,0.90243428
"USD",2026-11-20,0.89615355
"USD",2026-11-21,0.91277232
"USD",2026-11-22,0.94361346
"USD",2026-11-23,0.93776683
"USD",2026-11-24,0.89652431
"USD",2026-11-25,0.92079073
"USD",2026-11-26,0.93789777
"USD",2026-11-27,0.89069132
"USD",2026-11-28,0.90799548
"USD",2026-11-29,0.91356747
"USD",2026-11-30,0.93127969
"USD",2026-12-01,0.91150509
"USD",2026-12-02,0.91240081
"USD",2026-12-03,0.9042416
"USD",2026-12-04,0.93155284
"USD",2026-12-05,0.94314257
"USD",2026-12-06,0.93739697
"USD",2026-12-07,0.94971606
"USD",2026-12-08,0.91986477
"USD",2026-12-09,0.90521065
"USD",2026-12-10,0.89926697
"USD",2026-12-11,0.93076063
"USD",2026-12-12,0.94068862
"USD",2026-12-13,0.92562058
"USD",2026-12-14,0.905352
"USD",2026-12-15,0.94075442
"USD",2026-12-16,0.93573855
"USD",2026-12-17,0.93907509
"USD",2026-12-18,0.8998692
"USD",2026-12-19,0.89734915
"USD",2026-12-20,0.91039595
"USD",2026-12-21,0.89302472
"USD",2026-12-22,0.90686976
"USD",2026-12-23,0.89488619
"USD",2026-12-24,0.90491837
"USD",2026-12-25,0.94244736
"USD",2026-12-26,0.91958284
"USD",2026-12-27,0.92050607
"USD",2026-12-28,0.89870054
"USD",2026-12-29,0.92069056
"USD",2026-12-30,0.9056886
"USD",2026-12-31,0.93263295
"USD",2024-01-01,0.93761662
"USD",2024-01-02,0.94803662
"USD",2024-01-03,0.91883914
"USD",2024-01-04,0.89744487
"USD",2024-01-05,0.89962016
"USD",2024-01-06,0.93031078
"USD",2024-01-07,0.91596838
"USD",2024-01-08,0.92926874
"USD",2024-01-09,0.91502859
"USD",2024-01-10,0.91886347
"USD",2024-01-11,0.93146228
"USD",2024-01-12,0.89616119
"USD",2024-01-13,0.93805486
"USD",2024-01-14,0.91150555
"USD",2024-01-15,0.90352674
"USD",2024-01-16,0.92935202
"USD",2024-01-17,0.92684192
"USD",2024-01-18,0.90639351
"USD",2024-01-19,0.92813988
"USD",2024-01-20,0.89829372
"USD",2024-01-21,0.89371604
"USD",2024-01-22,0.92486524
"USD",2024-01-23,0.91845366
"USD",2024-01-24,0.94619806
"USD",2024-01-25,0.90395246
"USD",2024-01-26,0.94198364
"USD",2024-01-27,0.93474767
"USD",2024-01-28,0.94025338
"USD",2024-01-29,0.91383312
"USD",2024-01-30,0.89308557
"USD",2024-01-31,0.932349
"USD",2024-02-01,0.90748139
"USD",2024-02-02,0.90324727
"USD",2024-02-03,0.92810611
"USD",2024-02-04,0.9382055
"USD",2024-02-05,0.89030878
"USD",2024-02-06,0.90593137
"USD",2024-02-07,0.93132038
"USD",2024-02-08,0.92002316
"USD",2024-02-09,0.90076715
"USD",2024-02-10,0.90793856
"USD",2024-02-11,0.94133148
"USD",2024-02-12,0.90351034
"USD",2024-02-13,0.89845081
"USD",2024-02-14,0.91453028
"USD",2024-02-15,0.9203965
"USD",2024-02-16,0.93423821
"USD",2024-02-17,0.94176029
"USD",2024-02-18,0.89884087
"USD",2024-02-19,0.89772272
"USD",2024-02-20,0.92879979
"USD",2024-02-21,0.90241658
"USD",2024-02-22,0.8955558
"USD",2024-02-23,0.93414226
"USD",2024-02-24,0.92883101
"USD",2024-02-25,0.89156907
"USD",2024-02-26,0.94002026
"USD",2024-02-27,0.90358681
"USD",2024-02-28,0.94769824
"USD",2024-02-29,0.92345328
"USD",2024-03-01,0.93339636
"USD",2024-03-02,0.89831738
"USD",2024-03-03,0.94675013
"USD",2024-03-04,0.92827587
"USD",2024-03-05,0.89696958
"USD",2024-03-06,0.91966777
"USD",2024-03-07,0.89646997
"USD",2024-03-08,0.89398623
"USD",2024-03-09,0.89282593
"USD",2024-03-10,0.9335499
"USD",2024-03-11,0.94011916
"USD",2024-03-12,0.94478048
"USD",2024-03-13,0.89772499
"USD",2024-03-14,0.94165022
"USD",2024-03-15,0.90674453
"USD",2024-03-16,0.91824631
"USD",2024-03-17,0.89526175
"USD",2024-03-18,0.90269187
"USD",2024-03-19,0.93795836
"USD",2024-03-20,0.91279333
"USD",2024-03-21,0.94970636
"USD",2024-03-22,0.91354746
"USD",2024-03-23,0.89266996
"USD",2024-03-24,0.91938892
"USD",2024-03-25,0.93722784
"USD",2024-03-26,0.91118001
"USD",2024-03-27,0.90905046
"USD",2024-03-28,0.89326754
"USD",2024-03-29,0.94169292
"USD",2024-03-30,0.93590374
"USD",2024-03-31,0.92376207
"USD",2024-04-01,0.94932772
"USD",2024-04-02,0.93963776
"USD",2024-04-03,0.91677329
"USD",2024-04-04,0.93904301
"USD",2024-04-05,0.91490814
"USD",2024-04-06,0.91099925
"USD",2024-04-07,0.90998031
"USD",2024-04-08,0.90243704
"USD",2024-04-09,0.91735621
"USD",2024-04-10,0.90394641
"USD",2024-04-11,0.92435737
"USD",2024-04-12,0.93654078
"USD",2024-04-13,0.90656586
"USD",2024-04-14,0.94937293
"USD",2024-04-15,0.94554432
"USD",2024-04-16,0.93066289
"USD",2024-04-17,0.90081755
"USD",2024-04-18,0.94683413
"USD",2024-04-19,0.91678937
"USD",2024-04-20,0.9143624
"USD",2024-04-21,0.93972662
"USD",2024-04-22,0.92713427
"USD",2024-04-23,0.8903682
"USD",2024-04-24,0.89284221
"USD",2024-04-25,0.92062419
"USD",2024-04-26,0.9194974
"USD",2024-04-27,0.90580059
"USD",2024-04-28,0.9315434
"USD",2024-04-29,0.9486625
"USD",2024-04-30,0.90557152
"USD",2024-05-01,0.93023204
"USD",2024-05-02,0.89331395
"USD",2024-05-03,0.9424637
"USD",2024-05-04,0.90032319
"USD",2024-05-05,0.92916217
"USD",2024-05-06,0.90968862
"USD",2024-05-07,0.91872424
"USD",2024-05-08,0.90163053
"USD",2024-05-09,0.91918157
"USD",2024-05-10,0.94560252
"USD",2024-05-11,0.90920815
"USD",2024-05-12,0.93704923
"USD",2024-05-13,0.92449913
"USD",2024-05-14,0.92935919
"USD",2024-05-15,0.94907929
"USD",2024-05-16,0.90909178
"USD",2024-05-17,0.93333285
"USD",2024-05-18,0.93020647
"USD",2024-05-19,0.93406197
"USD",2024-05-20,0.93796938
"USD",2024-05-21,0.93341286
"USD",2024-05-22,0.94299416
"USD",2024-05-23,0.91882719
"USD",2024-05-24,0.93627194
"USD",2024-05-25,0.92660427
"USD",2024-05-26,0.91995192
"USD",2024-05-27,0.90913516
"USD",2024-05-28,0.93257387
"USD",2024-05-29,0.92058641
"USD",2024-05-30,0.91357064
"USD",2024-05-31,0.92657077
"USD",2024-06-01,0.89021235
"USD",2024-06-02,0.90575099
"USD",2024-06-03,0.9098199
"USD",2024-06-04,0.9142696
"USD",2024-06-05,0.90351954
"USD",2024-06-06,0.8962294
"USD",2024-06-07,0.9352901
"USD",2024-06-08,0.90100346
"USD",2024-06-09,0.9147259
"USD",2024-06-10,0.92626542
"USD",2024-06-11,0.9200257
"USD",2024-06-12,0.93388336
"USD",2024-06-13,0.8912885
"USD",2024-06-14,0.89372159
"USD",2024-06-15,0.93880591
"USD",2024-06-16,0.94622605
"USD",2024-06-17,0.93370105
"USD",2024-06-18,0.93304868
"USD",2024-06-19,0.90468616
"USD",2024-06-20,0.90746678
"USD",2024-06-21,0.94921344
"USD",2024-06-22,0.92453756
"USD",2024-06-23,0.91748968
"USD",2024-06-24,0.89184346
"USD",2024-06-25,0.90683631
"USD",2024-06-26,0.92326587
"USD",2024-06-27,0.90159886
"USD",2024-06-28,0.94289707
"USD",2024-06-29,0.89974858
"USD",2024-06-30,0.93325926
"USD",2024-07-01,0.89529501
"USD",2024-07-02,0.90184287
"USD",2024-07-03,0.93493257
"USD",2024-07-04,0.90542243
"USD",2024-07-05,0.93347775
"USD",2024-07-06,0.89056877
"USD",2024-07-07,0.93072854
"USD",2024-07-08,0.91464929
"USD",2024-07-09,0.90008275
"USD",2024-07-10,0.93381768
"USD",2024-07-11,0.90959827
"USD",2024-07-12,0.90023217
"USD",2024-07-13,0.91794533
"USD",2024-07-14,0.93925788
"USD",2024-07-15,0.93713444
"USD",2024-07-16,0.93180007
"USD",2024-07-17,0.91505324
"USD",2024-07-18,0.91997299
"USD",2024-07-19,0.90965295
"USD",2024-07-20,0.93463808
"USD",2024-07-21,0.92660194
"USD",2024-07-22,0.93178732
"USD",2024-07-23,0.89512397
"USD",2024-07-24,0.94106032
"USD",2024-07-25,0.92841423
"USD",2024-07-26,0.90704866
"USD",2024-07-27,0.93901686
"USD",2024-07-28,0.92141876
"USD",2024-07-29,0.90716666
"USD",2024-07-30,0.91326812
"USD",2024-07-31,0.93948866
"USD",2024-08-01,0.94058511
"USD",2024-08-02,0.91284633
"USD",2024-08-03,0.89965846
"USD",2024-08-04,0.94168784
"USD",2024-08-05,0.90350345
"USD",2024-08-06,0.93445213
"USD",2024-08-07,0.93201704
"USD",2024-08-08,0.91837088
"USD",2024-08-09,0.94888866
"USD",2024-08-10,0.93004373
"USD",2024-08-11,0.89329932
"USD",2024-08-12,0.94328085
"USD",2024-08-13,0.93263149
"USD",2024-08-14,0.89672466
"USD",2024-08-15,0.93634789
"USD",2024-08-16,0.90633763
"USD",2024-08-17,0.94254292
"USD",2024-08-18,0.92181645
"USD",2024-08-19,0.92648927
"USD",2024-08-20,0.90790395
"USD",2024-08-21,0.93820079
"USD",2024-08-22,0.92468438
"USD",2024-08-23,0.90487255
"USD",2024-08-24,0.92431958
"USD",2024-08-25,0.93370923
"USD",2024-08-26,0.91889154
"USD",2024-08-27,0.92394943
"USD",2024-08-28,0.93684119
"USD",2024-08-29,0.89064442
"USD",2024-08-30,0.91383689
"USD",2024-08-31,0.9202172
"USD",2024-09-01,0.9052344
"USD",2024-09-02,0.92292908
"USD",2024-09-03,0.94347614
"USD",2024-09-04,0.90128611
"USD",2024-09-05,0.91373562
"USD",2024-09-06,0.90239746
"USD",2024-09-07,0.92127492
"USD",2024-09-08,0.90550532
"USD",2024-09-09,0.93068874
"USD",2024-09-10,0.89509697
"USD",2024-09-11,0.92327231
"USD",2024-09-12,0.9029338
"USD",2024-09-13,0.91726957
"USD",2024-09-14,0.93332659
"USD",2024-09-15,0.9181352
"USD",2024-09-16,0.9114616
"USD",2024-09-17,0.93360324
"USD",2024-09-18,0.90023068
"USD",2024-09-19,0.94353793
"USD",2024-09-20,0.89692081
"USD",2024-09-21,0.90961955
"USD",2024-09-22,0.94185105
"USD",2024-09-23,0.92814067
"USD",2024-09-24,0.91380824
"USD",2024-09-25,0.92429435
"USD",2024-09-26,0.94173787
"USD",2024-09-27,0.93360789
"USD",2024-09-28,0.92852903
"USD",2024-09-29,0.90414787
"USD",2024-09-30,0.89828902
"USD",2024-10-01,0.90223424
"USD",2024-10-02,0.93360528
"USD",2024-10-03,0.92181775
"USD",2024-10-04,0.92351987
"USD",2024-10-05,0.90458543
"USD",2024-10-06,0.90701647
"USD",2024-10-07,0.94502896
"USD",2024-10-08,0.92799958
"USD",2024-10-09,0.89185321
"USD",2024-10-10,0.94702637
"USD",2024-10-11,0.9476399
"USD",2024-10-12,0.89508876
"USD",2024-10-13,0.93942306
"GBP",2025-04-05,1.13172951
"GBP",2025-04-06,1.19117813
"GBP",2025-04-07,1.20718557
"GBP",2025-04-08,1.14895526
"GBP",2025-04-09,1.19703402
"GBP",2025-04-10,1.16423286
"GBP",2025-04-11,1.16863801
"GBP",2025-04-12,1.18547731
"GBP",2025-04-13,1.19238722
"GBP",2025-04-14,1.19685373
"GBP",2025-04-15,1.17060637
"GBP",2025-04-16,1.14239376
"GBP",2025-04-17,1.15402834
"GBP",2025-04-18,1.14674371
"GBP",2025-04-19,1.16742886
"GBP",2025-04-20,1.1593867
"GBP",2025-04-21,1.14203071
"GBP",2025-04-22,1.1795668
"GBP",2025-04-23,1.13068106
"GBP",2025-04-24,1.19583876
"GBP",2025-04-25,1.1431223
"GBP",2025-04-26,1.14351915
"GBP",2025-04-27,1.17674453
"GBP",2025-04-28,1.20362789
"GBP",2025-04-29,1.19598656
"GBP",2025-04-30,1.18221303
"GBP",2025-05-01,1.1853702
"GBP",2025-05-02,1.20627485
"GBP",2025-05-03,1.13801994
"GBP",2025-05-04,1.15875359
"GBP",2025-05-05,1.19340932
"GBP",2025-05-06,1.16400367
"GBP",2025-05-07,1.20245035
"GBP",2025-05-08,1.19714326
"GBP",2025-05-09,1.14718158
"GBP",2025-05-10,1.17857222
"GBP",2025-05-11,1.20918096
"GBP",2025-05-12,1.18353261
"GBP",2025-05-13,1.18095445
"GBP",2025-05-14,1.13607126
"GBP",2025-05-15,1.17597446
"GBP",2025-05-16,1.14802318
"GBP",2025-05-17,1.13752725
"GBP",2025-05-18,1.1578073
"GBP",2025-05-19,1.18256283
"GBP",2025-05-20,1.18965367
"GBP",2025-05-21,1.14405409
"GBP",2025-05-22,1.15558872
"GBP",2025-05-23,1.13930141
"GBP",2025-05-24,1.14124227
"GBP",2025-05-25,1.20835581
"GBP",2025-05-26,1.14264663
"GBP",2025-05-27,1.15818055
"GBP",2025-05-28,1.16912137
"GBP",2025-05-29,1.14707235
"GBP",2025-05-30,1.19771606
"GBP",2025-05-31,1.16339116
"GBP",2025-06-01,1.18255576
"GBP",2025-06-02,1.14523011
"GBP",2025-06-03,1.20505396
"GBP",2025-06-04,1.19298646
"GBP",2025-06-05,1.15204733
"GBP",2025-06-06,1.13948098
"GBP",2025-06-07,1.18483757
"GBP",2025-06-08,1.183997
"GBP",2025-06-09,1.18778795
"GBP",2025-06-10,1.19096598
"GBP",2025-06-11,1.1532093
"GBP",2025-06-12,1.20027632
"GBP",2025-06-13,1.1383833
"GBP",2025-06-14,1.16545796
"GBP",2025-06-15,1.18800516
"GBP",2025-06-16,1.19758999
"GBP",2025-06-17,1.13820832
"GBP",2025-06-18,1.14364606
"GBP",2025-06-19,1.19568513
"GBP",2025-06-20,1.20317282
"GBP",2025-06-21,1.19079862
"GBP",2025-06-22,1.14921661
"GBP",2025-06-23,1.20528797
"GBP",2025-06-24,1.19345531
"GBP",2025-06-25,1.18372601
"GBP",2025-06-26,1.13892148
"GBP",2025-06-27,1.16620049
"GBP",2025-06-28,1.19787497
"GBP",2025-06-29,1.13048167
"GBP",2025-06-30,1.15171973
"GBP",2025-07-01,1.15584151
"GBP",2025-07-02,1.16969903
"GBP",2025-07-03,1.16241169
"GBP",2025-07-04,1.17362618
"GBP",2025-07-05,1.19216742
"GBP",2025-07-06,1.20557994
"GBP",2025-07-07,1.19043543
"GBP",2025-07-08,1.19090883
"GBP",2025-07-09,1.14997145
"GBP",2025-07-10,1.20581113
"GBP",2025-07-11,1.19849324
"GBP",2025-07-12,1.1810166
"GBP",2025-07-13,1.17283915
"GBP",2025-07-14,1.19803697
"GBP",2025-07-15,1.17951205
"GBP",2025-07-16,1.13359389
"GBP",2025-07-17,1.2068914
"GBP",2025-07-18,1.14945059
"GBP",2025-07-19,1.14200187
"GBP",2025-07-20,1.20833176
"GBP",2025-07-21,1.15135337
"GBP",2025-07-22,1.14991999
"GBP",2025-07-23,1.16628896
"GBP",2025-07-24,1.19300403
"GBP",2025-07-25,1.14684647
"GBP",2025-07-26,1.15628177
"GBP",2025-07-27,1.15415159
"GBP",2025-07-28,1.16125445
"GBP",2025-07-29,1.18086142
"GBP",2025-07-30,1.152529
"GBP",2025-07-31,1.16120071
"GBP",2025-08-01,1.13067908
"GBP",2025-08-02,1.14369602
"GBP",2025-08-03,1.14019963
"GBP",2025-08-04,1.15459217
"GBP",2025-08-05,1.13537672
"GBP",2025-08-06,1.19585626
"GBP",2025-08-07,1.19881873
"GBP",2025-08-08,1.14636679
"GBP",2025-08-09,1.20797661
"GBP",2025-08-10,1.19340112
"GBP",2025-08-11,1.20670156
"GBP",2025-08-12,1.19466266
"GBP",2025-08-13,1.15852428
"GBP",2025-08-14,1.19120978
"GBP",2025-08-15,1.16031067
"GBP",2025-08-16,1.1528105
"GBP",2025-08-17,1.20217937
"USD",2024-10-14,0.93517352
"USD",2024-10-15,0.92152738
"USD",2024-10-16,0.89281959
"USD",2024-10-17,0.92633415
"USD",2024-10-18,0.90792283
"USD",2024-10-19,0.94393991
"USD",2024-10-20,0.91242947
"USD",2024-10-21,0.93087024
"USD",2024-10-22,0.89646074
"USD",2024-10-23,0.94249546
"USD",2024-10-24,0.89197756
"USD",2024-10-25,0.94402544
"USD",2024-10-26,0.93952875
"USD",2024-10-27,0.91466695
"USD",2024-10-28,0.92708404
"USD",2024-10-29,0.93981514
"USD",2024-10-30,0.92788349
"USD",2024-10-31,0.91068649
"USD",2024-11-01,0.93350916
"USD",2024-11-02,0.9491106
"USD",2024-11-03,0.90250648
"USD",2024-11-04,0.92861685
"USD",2024-11-05,0.93785774
"USD",2024-11-06,0.91995026
"USD",2024-11-07,0.91229853
"USD",2024-11-08,0.91132617
"USD",2024-11-09,0.91998841
"USD",2024-11-10,0.90848797
"USD",2024-11-11,0.93124314
"USD",2024-11-12,0.90531944
"USD",2024-11-13,0.93296099
"USD",2024-11-14,0.94209433
"USD",2024-11-15,0.94114694
"USD",2024-11-16,0.94467063
"USD",2024-11-17,0.90447482
"USD",2024-11-18,0.93173107
"USD",2024-11-19,0.91823426
"USD",2024-11-20,0.90416734
"USD",2024-11-21,0.91447813
"USD",2024-11-22,0.93498977
"USD",2024-11-23,0.89664333
"USD",2024-11-24,0.90026658
"USD",2024-11-25,0.89625968
"USD",2024-11-26,0.92313403
"USD",2024-11-27,0.9464847
"USD",2024-11-28,0.90060391
"USD",2024-11-29,0.89440057
"USD",2024-11-30,0.94489996
"USD",2024-12-01,0.90571544
"USD",2024-12-02,0.91150874
"USD",2024-12-03,0.89096381
"USD",2024-12-04,0.89953285
"USD",2024-12-05,0.92625674
"USD",2024-12-06,0.9429465
"USD",2024-12-07,0.90937332
"USD",2024-12-08,0.89747205
"USD",2024-12-09,0.94285356
"USD",2024-12-10,0.922808
"USD",2024-12-11,0.94482211
"USD",2024-12-12,0.94916597
"USD",2024-12-13,0.89925935
"USD",2024-12-14,0.89539046
"USD",2024-12-15,0.92296457
"USD",2024-12-16,0.94760768
"USD",2024-12-17,0.9371661
"USD",2024-12-18,0.90645238
"USD",2024-12-19,0.92575651
"USD",2024-12-20,0.90776301
"USD",2024-12-21,0.92883429
"USD",2024-12-22,0.89156217
"USD",2024-12-23,0.92480491
"USD",2024-12-24,0.93452682
"USD",2024-12-25,0.92095307
"USD",2024-12-26,0.93976884
"USD",2024-12-27,0.92224463
"USD",2024-12-28,0.89899119
"USD",2024-12-29,0.93922076
"USD",2024-12-30,0.94225831
"USD",2024-12-31,0.91485022
"USD",2025-01-01,0.92801398
"USD",2025-01-02,0.93283491
"USD",2025-01-03,0.92095223
"USD",2025-01-04,0.91802082
"USD",2025-01-05,0.90749989
"USD",2025-01-06,0.89826594
"USD",2025-01-07,0.89233432
"USD",2025-01-08,0.94956638
"USD",2025-01-09,0.93400049
"USD",2025-01-10,0.91747864
"USD",2025-01-11,0.89929693
"USD",2025-01-12,0.93089704
"USD",2025-01-13,0.92749361
"USD",2025-01-14,0.90955779
"USD",2025-01-15,0.9474427
"USD",2025-01-16,0.93259745
"USD",2025-01-17,0.94380943
"USD",2025-01-18,0.91671896
"USD",2025-01-19,0.93201619
"USD",2025-01-20,0.94089704
"USD",2025-01-21,0.92531899
"USD",2025-01-22,0.90216608
"USD",2025-01-23,0.92920548
"USD",2025-01-24,0.92942678
"USD",2025-01-25,0.93666851
"USD",2025-01-26,0.90127758
"USD",2025-01-27,0.92320845
"USD",2025-01-28,0.90852404
"USD",2025-01-29,0.9154775
"USD",2025-01-30,0.93520481
"USD",2025-01-31,0.93422354
"USD",2025-02-01,0.93548603
"USD",2025-02-02,0.92568847
"USD",2025-02-03,0.89376023
"USD",2025-02-04,0.91284293
"USD",2025-02-05,0.90666586
"USD",2025-02-06,0.90752529
"USD",2025-02-07,0.89772477
"USD",2025-02-08,0.92253094
"USD",2025-02-09,0.93160817
"USD",2025-02-10,0.90464473
"USD",2025-02-11,0.91574931
"USD",2025-02-12,0.90665355
"USD",2025-02-13,0.94525661
"USD",2025-02-14,0.94839208
"USD",2025-02-15,0.94900487
"USD",2025-02-16,0.90740237
"USD",2025-02-17,0.92833625
"USD",2025-02-18,0.94767203
"USD",2025-02-19,0.92178503
"USD",2025-02-20,0.91314167
"USD",2025-02-21,0.93431018
"USD",2025-02-22,0.89138684
"USD",2025-02-23,0.92146379
"USD",2025-02-24,0.894277
"USD",2025-02-25,0.91468249
"USD",2025-02-26,0.94411249
"USD",2025-02-27,0.89416068
"USD",2025-02-28,0.93654485
"USD",2025-03-01,0.93297739
"USD",2025-03-02,0.94347076
"USD",2025-03-03,0.93655786
"USD",2025-03-04,0.9350524
"USD",2025-03-05,0.90968896
"USD",2025-03-06,0.92123886
"USD",2025-03-07,0.92213986
"USD",2025-03-08,0.94756289
"USD",2025-03-09,0.9450189
"USD",2025-03-10,0.91728256
"USD",2025-03-11,0.91997364
"USD",2025-03-12,0.91420562
"USD",2025-03-13,0.89845416
"USD",2025-03-14,0.94246827
"USD",2025-03-15,0.94866974
"USD",2025-03-16,0.93615365
"USD",2025-03-17,0.92371108
"USD",2025-03-18,0.90117095
"USD",2025-03-19,0.94660785
"GBP",2025-03-20,1.15368404
"GBP",2025-03-21,1.18912072
"GBP",2025-03-22,1.18741682
"GBP",2025-03-23,1.20513349
"GBP",2025-03-24,1.13377896
"GBP",2025-03-25,1.16581912
"GBP",2025-03-26,1.15222481
"GBP",2025-03-27,1.19466739
"GBP",2025-03-28,1.14355802
"GBP",2025-03-29,1.16973461
"GBP",2025-03-30,1.14056121
"GBP",2025-03-31,1.14251705
"GBP",2025-04-01,1.20952433
"GBP",2025-04-02,1.1446614
"GBP",2025-04-03,1.20237684
"GBP",2025-04-04,1.15344446
"EUR",2025-03-20,1
"EUR",2025-03-21,1
"EUR",2025-03-22,1
"EUR",2025-03-23,1
"EUR",2025-03-24,1
"EUR",2025-03-25,1
"EUR",2025-03-26,1
"EUR",2025-03-27,1
"EUR",2025-03-28,1
"EUR",2025-03-29,1
"EUR",2025-03-30,1
"EUR",2025-03-31,1
"EUR",2025-04-01,1
"EUR",2025-04-02,1
"EUR",2025-04-03,1
"EUR",2025-04-04,1
"EUR",2025-04-05,1
"EUR",2025-04-06,1
"EUR",2025-04-07,1
"EUR",2025-04-08,1
"EUR",2025-04-09,1
"EUR",2025-04-10,1
"EUR",2025-04-11,1
"EUR",2025-04-12,1
"EUR",2025-04-13,1
"EUR",2025-04-14,1
"EUR",2025-04-15,1
"EUR",2025-04-16,1
"EUR",2025-04-17,1
"EUR",2025-04-18,1
"EUR",2025-04-19,1
"EUR",2025-04-20,1
"EUR",2025-04-21,1
"EUR",2025-04-22,1
"EUR",2025-04-23,1
"EUR",2025-04-24,1
"EUR",2025-04-25,1
"EUR",2025-04-26,1
"EUR",2025-04-27,1
"EUR",2025-04-28,1
"EUR",2025-04-29,1
"EUR",2025-04-30,1
"EUR",2025-05-01,1
"EUR",2025-05-02,1
"EUR",2025-05-03,1
"EUR",2025-05-04,1
"EUR",2025-05-05,1
"EUR",2025-05-06,1
"EUR",2025-05-07,1
"EUR",2025-05-08,1
"EUR",2025-05-09,1
"EUR",2025-05-10,1
"EUR",2025-05-11,1
"EUR",2025-05-12,1
"EUR",2025-05-13,1
"EUR",2025-05-14,1
"EUR",2025-05-15,1
"EUR",2025-05-16,1
"EUR",2025-05-17,1
"EUR",2025-05-18,1
"EUR",2025-05-19,1
"EUR",2025-05-20,1
"EUR",2025-05-21,1
"EUR",2025-05-22,1
"EUR",2025-05-23,1
"EUR",2025-05-24,1
"EUR",2025-05-25,1
"EUR",2025-05-26,1
"EUR",2025-05-27,1
"EUR",2025-05-28,1
"EUR",2025-05-29,1
"EUR",2025-05-30,1
"EUR",2025-05-31,1
"EUR",2025-06-01,1
"EUR",2025-06-02,1
"EUR",2025-06-03,1
"EUR",2025-06-04,1
"EUR",2025-06-05,1
"EUR",2025-06-06,1
"EUR",2025-06-07,1
"EUR",2025-06-08,1
"EUR",2025-06-09,1
"EUR",2025-06-10,1
"EUR",2025-06-11,1
"EUR",2025-06-12,1
"EUR",2025-06-13,1
"EUR",2025-06-14,1
"EUR",2025-06-15,1
"EUR",2025-06-16,1
"EUR",2025-06-17,1
"EUR",2025-06-18,1
"EUR",2025-06-19,1
"EUR",2025-06-20,1
"EUR",2025-06-21,1
"EUR",2025-06-22,1
"EUR",2025-06-23,1
"EUR",2025-06-24,1
"EUR",2025-06-25,1
"EUR",2025-06-26,1
"EUR",2025-06-27,1
"EUR",2025-06-28,1
"EUR",2025-06-29,1
"EUR",2025-06-30,1
"EUR",2025-07-01,1
"EUR",2025-07-02,1
"EUR",2025-07-03,1
"EUR",2025-07-04,1
"EUR",2025-07-05,1
"EUR",2025-07-06,1
"EUR",2025-07-07,1
"EUR",2025-07-08,1
"EUR",2025-07-09,1
"EUR",2025-07-10,1
"EUR",2025-07-11,1
"EUR",2025-07-12,1
"EUR",2025-07-13,1
"EUR",2025-07-14,1
"EUR",2025-07-15,1
"EUR",2025-07-16,1
"EUR",2025-07-17,1
"EUR",2025-07-18,1
"EUR",2025-07-19,1
"EUR",2025-07-20,1
"EUR",2025-07-21,1
"EUR",2025-07-22,1
"EUR",2025-07-23,1
"EUR",2025-07-24,1
"EUR",2025-07-25,1
"EUR",2025-07-26,1
"EUR",2025-07-27,1
"EUR",2025-07-28,1
"EUR",2025-07-29,1
"EUR",2025-07-30,1
"EUR",2025-07-31,1
"EUR",2025-08-01,1
"EUR",2025-08-02,1
"EUR",2025-08-03,1
"EUR",2025-08-04,1
"EUR",2025-08-05,1
"EUR",2025-08-06,1
"EUR",2025-08-07,1
"EUR",2025-08-08,1
"EUR",2025-08-09,1
"EUR",2025-08-10,1
"EUR",2025-08-11,1
"EUR",2025-08-12,1
"EUR",2025-08-13,1
"EUR",2025-08-14,1
"EUR",2025-08-15,1
"EUR",2025-08-16,1
"EUR",2025-08-17,1
"EUR",2025-08-18,1
"EUR",2025-08-19,1
"EUR",2025-08-20,1
"EUR",2025-08-21,1
"EUR",2025-08-22,1
"EUR",2025-08-23,1
"EUR",2025-08-24,1
"EUR",2025-08-25,1
"EUR",2025-08-26,1
"EUR",2025-08-27,1
"EUR",2025-08-28,1
"EUR",2025-08-29,1
"EUR",2025-08-30,1
"EUR",2025-08-31,1
"EUR",2025-09-01,1
"EUR",2025-09-02,1
"EUR",2025-09-03,1
"EUR",2025-09-04,1
"EUR",2025-09-05,1
"EUR",2025-09-06,1
"EUR",2025-09-07,1
"EUR",2025-09-08,1
"EUR",2025-09-09,1
"EUR",2025-09-10,1
"EUR",2025-09-11,1
"EUR",2025-09-12,1
"EUR",2025-09-13,1
"EUR",2025-09-14,1
"EUR",2025-09-15,1
"EUR",2025-09-16,1
"EUR",2025-09-17,1
"EUR",2025-09-18,1
"EUR",2025-09-19,1
"EUR",2025-09-20,1
"EUR",2025-09-21,1
"EUR",2025-09-22,1
"EUR",2025-09-23,1
"EUR",2025-09-24,1
"EUR",2025-09-25,1
"EUR",2025-09-26,1
"EUR",2025-09-27,1
"EUR",2025-09-28,1
"EUR",2025-09-29,1
"EUR",2025-09-30,1
"EUR",2025-10-01,1
"EUR",2025-10-02,1
"EUR",2025-10-03,1
"EUR",2025-10-04,1
"EUR",2025-10-05,1
"EUR",2025-10-06,1
"EUR",2025-10-07,1
"EUR",2025-10-08,1
"EUR",2025-10-09,1
"EUR",2025-10-10,1
"EUR",2025-10-11,1
"EUR",2025-10-12,1
"EUR",2025-10-13,1
"EUR",2025-10-14,1
"EUR",2025-10-15,1
"EUR",2025-10-16,1
"EUR",2025-10-17,1
"EUR",2025-10-18,1
"EUR",2025-10-19,1
"EUR",2025-10-20,1
"EUR",2025-10-21,1
"EUR",2025-10-22,1
"EUR",2025-10-23,1
"EUR",2025-10-24,1
"EUR",2025-10-25,1
"EUR",2025-10-26,1
"EUR",2025-10-27,1
"EUR",2025-10-28,1
"EUR",2025-10-29,1
"EUR",2025-10-30,1
"EUR",2025-10-31,1
"EUR",2025-11-01,1
"EUR",2025-11-02,1
"EUR",2025-11-03,1
"EUR",2025-11-04,1
"EUR",2025-11-05,1
"EUR",2025-11-06,1
"EUR",2025-11-07,1
"EUR",2025-11-08,1
"EUR",2025-11-09,1
"EUR",2025-11-10,1
"EUR",2025-11-11,1
"EUR",2025-11-12,1
"EUR",2025-11-13,1
"EUR",2025-11-14,1
"EUR",2025-11-15,1
"EUR",2025-11-16,1
"EUR",2025-11-17,1
"EUR",2025-11-18,1
"EUR",2025-11-19,1
"EUR",2025-11-20,1
"EUR",2025-11-21,1
"EUR",2025-11-22,1
"EUR",2025-11-23,1
"EUR",2025-11-24,1
"EUR",2025-11-25,1
"EUR",2025-11-26,1
"EUR",2025-11-27,1
"EUR",2025-11-28,1
"EUR",2025-11-29,1
"EUR",2025-11-30,1
"EUR",2025-12-01,1
"EUR",2025-12-02,1
"EUR",2025-12-03,1
"EUR",2025-12-04,1
"EUR",2025-12-05,1
"EUR",2025-12-06,1
"EUR",2025-12-07,1
"EUR",2025-12-08,1
"EUR",2025-12-09,1
"EUR",2025-12-10,1
"EUR",2025-12-11,1
"EUR",2025-12-12,1
"EUR",2025-12-13,1
"EUR",2025-12-14,1
"EUR",2025-12-15,1
"EUR",2025-12-16,1
"EUR",2025-12-17,1
"EUR",2025-12-18,1
"EUR",2025-12-19,1
"EUR",2025-12-20,1
"EUR",2025-12-21,1
"EUR",2025-12-22,1
"EUR",2025-12-23,1
"EUR",2025-12-24,1
"EUR",2025-12-25,1
"EUR",2025-12-26,1
"EUR",2025-12-27,1
"EUR",2025-12-28,1
"EUR",2025-12-29,1
"EUR",2025-12-30,1
"EUR",2025-12-31,1
"EUR",2026-01-01,1
"EUR",2026-01-02,1
"EUR",2026-01-03,1
"EUR",2026-01-04,1
"EUR",2026-01-05,1
"EUR",2026-01-06,1
"EUR",2026-01-07,1
"EUR",2026-01-08,1
"EUR",2026-01-09,1
"EUR",2026-01-10,1
"EUR",2026-01-11,1
"EUR",2026-01-12,1
"EUR",2026-01-13,1
"EUR",2026-01-14,1
"EUR",2026-01-15,1
"EUR",2026-01-16,1
"EUR",2026-01-17,1
"EUR",2026-01-18,1
"EUR",2026-01-19,1
"EUR",2026-01-20,1
"EUR",2026-01-21,1
"EUR",2026-01-22,1
"EUR",2026-01-23,1
"EUR",2026-01-24,1
"EUR",2026-01-25,1
"EUR",2026-01-26,1
"EUR",2026-01-27,1
"EUR",2026-01-28,1
"EUR",2026-01-29,1
"EUR",2026-01-30,1
"EUR",2026-01-31,1
"EUR",2026-02-01,1
"EUR",2026-02-02,1
"EUR",2026-02-03,1
"EUR",2026-02-04,1
"EUR",2026-02-05,1
"EUR",2026-02-06,1
"EUR",2026-02-07,1
"EUR",2026-02-08,1
"EUR",2026-02-09,1
"EUR",2026-02-10,1
"EUR",2026-02-11,1
"EUR",2026-02-12,1
"EUR",2026-02-13,1
"EUR",2026-02-14,1
"EUR",2026-02-15,1
"EUR",2026-02-16,1
"EUR",2026-02-17,1
"EUR",2026-02-18,1
"EUR",2026-02-19,1
"EUR",2026-02-20,1
"EUR",2026-02-21,1
"EUR",2026-02-22,1
"EUR",2026-02-23,1
"EUR",2026-02-24,1
"EUR",2026-02-25,1
"EUR",2026-02-26,1
"EUR",2026-02-27,1
"EUR",2026-02-28,1
"EUR",2026-03-01,1
"EUR",2026-03-02,1
"EUR",2026-03-03,1
"EUR",2026-03-04,1
"EUR",2026-03-05,1
"EUR",2026-03-06,1
"EUR",2026-03-07,1
"EUR",2026-03-08,1
"EUR",2026-03-09,1
"EUR",2026-03-10,1
"EUR",2026-03-11,1
"EUR",2026-03-12,1
"EUR",2026-03-13,1
"EUR",2026-03-14,1
"EUR",2026-03-15,1
"EUR",2026-03-16,1
"EUR",2026-03-17,1
"EUR",2026-03-18,1
"EUR",2026-03-19,1
"EUR",2026-03-20,1
"EUR",2026-03-21,1
"EUR",2026-03-22,1
"EUR",2026-03-23,1
"EUR",2026-03-24,1
"EUR",2026-03-25,1
"EUR",2026-03-26,1
"EUR",2026-03-27,1
"EUR",2026-03-28,1
"EUR",2026-03-29,1
"EUR",2026-03-30,1
"EUR",2026-03-31,1
"EUR",2026-04-01,1
"EUR",2026-04-02,1
"EUR",2026-04-03,1
"EUR",2026-04-04,1
"EUR",2026-04-05,1
"EUR",2026-04-06,1
"EUR",2026-04-07,1
"EUR",2026-04-08,1
"EUR",2026-04-09,1
"EUR",2026-04-10,1
"EUR",2026-04-11,1
"EUR",2026-04-12,1
"EUR",2026-04-13,1
"EUR",2026-04-14,1
"EUR",2026-04-15,1
"EUR",2026-04-16,1
"EUR",2026-04-17,1
"EUR",2026-04-18,1
"EUR",2026-04-19,1
"EUR",2026-04-20,1
"EUR",2026-04-21,1
"EUR",2026-04-22,1
"EUR",2026-04-23,1
"EUR",2026-04-24,1
"EUR",2026-04-25,1
"EUR",2026-04-26,1
"EUR",2026-04-27,1
"EUR",2026-04-28,1
"EUR",2026-04-29,1
"EUR",2026-04-30,1
"EUR",2026-05-01,1
"EUR",2026-05-02,1
"EUR",2026-05-03,1
"EUR",2026-05-04,1
"EUR",2026-05-05,1
"EUR",2026-05-06,1
"EUR",2026-05-07,1
"EUR",2026-05-08,1
"EUR",2026-05-09,1
"EUR",2026-05-10,1
"EUR",2026-05-11,1
"EUR",2026-05-12,1
"EUR",2026-05-13,1
"EUR",2026-05-14,1
"EUR",2026-05-15,1
"EUR",2026-05-16,1
"EUR",2026-05-17,1
"EUR",2026-05-18,1
"EUR",2026-05-19,1
"EUR",2026-05-20,1
"EUR",2026-05-21,1
"EUR",2026-05-22,1
"EUR",2026-05-23,1
"EUR",2026-05-24,1
"EUR",2026-05-25,1
"EUR",2026-05-26,1
"EUR",2026-05-27,1
"EUR",2026-05-28,1
"EUR",2026-05-29,1
"EUR",2026-05-30,1
"EUR",2026-05-31,1
"EUR",2026-06-01,1
"EUR",2026-06-02,1
"EUR",2026-06-03,1
"EUR",2026-06-04,1
"EUR",2026-06-05,1
"EUR",2026-06-06,1
"EUR",2026-06-07,1
"EUR",2026-06-08,1
"EUR",2026-06-09,1
"EUR",2026-06-10,1
"EUR",2026-06-11,1
"EUR",2026-06-12,1
"EUR",2026-06-13,1
"EUR",2026-06-14,1
"EUR",2026-06-15,1
"EUR",2026-06-16,1
"EUR",2026-06-17,1
"EUR",2026-06-18,1
"EUR",2026-06-19,1
"EUR",2026-06-20,1
"EUR",2026-06-21,1
"EUR",2026-06-22,1
"EUR",2026-06-23,1
"EUR",2026-06-24,1
"EUR",2026-06-25,1
"EUR",2026-06-26,1
"EUR",2026-06-27,1
"EUR",2026-06-28,1
"EUR",2026-06-29,1
"EUR",2026-06-30,1
"EUR",2026-07-01,1
"EUR",2026-07-02,1
"EUR",2026-07-03,1
"EUR",2026-07-04,1
"EUR",2026-07-05,1
"EUR",2026-07-06,1
"EUR",2026-07-07,1
"EUR",2026-07-08,1
"EUR",2026-07-09,1
"EUR",2026-07-10,1
"EUR",2026-07-11,1
"EUR",2026-07-12,1
"EUR",2026-07-13,1
"EUR",2026-07-14,1
"EUR",2026-07-15,1
"EUR",2026-07-16,1
"EUR",2026-07-17,1
"EUR",2026-07-18,1
"EUR",2026-07-19,1
"EUR",2026-07-20,1
"EUR",2026-07-21,1
"EUR",2026-07-22,1
"EUR",2026-07-23,1
"EUR",2026-07-24,1
"EUR",2026-07-25,1
"EUR",2026-07-26,1
"EUR",2026-07-27,1
"EUR",2026-07-28,1
"EUR",2026-07-29,1
"EUR",2026-07-30,1
"EUR",2026-07-31,1
"EUR",2026-08-01,1
"EUR",2026-08-02,1
"EUR",2026-08-03,1
"EUR",2026-08-04,1
"EUR",2026-08-05,1
"EUR",2026-08-06,1
"EUR",2026-08-07,1
"EUR",2026-08-08,1
"EUR",2026-08-09,1
"EUR",2026-08-10,1
"EUR",2026-08-11,1
"EUR",2026-08-12,1
"EUR",2026-08-13,1
"EUR",2026-08-14,1
"EUR",2026-08-15,1
"EUR",2026-08-16,1
"EUR",2026-08-17,1
"EUR",2026-08-18,1
"EUR",2026-08-19,1
"EUR",2026-08-20,1
"EUR",2026-08-21,1
"EUR",2026-08-22,1
"EUR",2026-08-23,1
"EUR",2026-08-24,1
"EUR",2026-08-25,1
"EUR",2026-08-26,1
"EUR",2026-08-27,1
"EUR",2026-08-28,1
"EUR",2026-08-29,1
"EUR",2026-08-30,1
"EUR",2026-08-31,1
"EUR",2026-09-01,1
"EUR",2026-09-02,1
"EUR",2026-09-03,1
"EUR",2026-09-04,1
"EUR",2026-09-05,1
"EUR",2026-09-06,1
"EUR",2026-09-07,1
"EUR",2026-09-08,1
"EUR",2026-09-09,1
"EUR",2026-09-10,1
"EUR",2026-09-11,1
"EUR",2026-09-12,1
"EUR",2026-09-13,1
"EUR",2026-09-14,1
"EUR",2026-09-15,1
"EUR",2026-09-16,1
"EUR",2026-09-17,1
"EUR",2026-09-18,1
"EUR",2026-09-19,1
"EUR",2026-09-20,1
"EUR",2026-09-21,1
"EUR",2026-09-22,1
"EUR",2026-09-23,1
"EUR",2026-09-24,1
"EUR",2026-09-25,1
"EUR",2026-09-26,1
"EUR",2026-09-27,1
"EUR",2026-09-28,1
"EUR",2026-09-29,1
"EUR",2026-09-30,1
"EUR",2026-10-01,1
"EUR",2026-10-02,1
"EUR",2026-10-03,1
"EUR",2026-10-04,1
"EUR",2026-10-05,1
"EUR",2026-10-06,1
"EUR",2026-10-07,1
"EUR",2026-10-08,1
"EUR",2026-10-09,1
"EUR",2026-10-10,1
"EUR",2026-10-11,1
"EUR",2026-10-12,1
"EUR",2026-10-13,1
"EUR",2026-10-14,1
"EUR",2026-10-15,1
"EUR",2026-10-16,1
"EUR",2026-10-17,1
"EUR",2026-10-18,1
"EUR",2026-10-19,1
"EUR",2026-10-20,1
"EUR",2026-10-21,1
"EUR",2026-10-22,1
"EUR",2026-10-23,1
"EUR",2026-10-24,1
"EUR",2026-10-25,1
"EUR",2026-10-26,1
"EUR",2026-10-27,1
"EUR",2026-10-28,1
"EUR",2026-10-29,1
"EUR",2026-10-30,1
"EUR",2026-10-31,1
"EUR",2026-11-01,1
"EUR",2026-11-02,1
"EUR",2026-11-03,1
"EUR",2026-11-04,1
"EUR",2026-11-05,1
"EUR",2026-11-06,1
"EUR",2026-11-07,1
"EUR",2026-11-08,1
"EUR",2026-11-09,1
"EUR",2026-11-10,1
"EUR",2026-11-11,1
"EUR",2026-11-12,1
"EUR",2026-11-13,1
"EUR",2026-11-14,1
"EUR",2026-11-15,1
"EUR",2026-11-16,1
"EUR",2026-11-17,1
"EUR",2026-11-18,1
"EUR",2026-11-19,1
"EUR",2026-11-20,1
"EUR",2026-11-21,1
"EUR",2026-11-22,1
"EUR",2026-11-23,1
"EUR",2026-11-24,1
"EUR",2026-11-25,1
"EUR",2026-11-26,1
"EUR",2026-11-27,1
"EUR",2026-11-28,1
"EUR",2026-11-29,1
"EUR",2026-11-30,1
"EUR",2026-12-01,1
"EUR",2026-12-02,1
"EUR",2026-12-03,1
"EUR",2026-12-04,1
"EUR",2026-12-05,1
"EUR",2026-12-06,1
"EUR",2026-12-07,1
"EUR",2026-12-08,1
"EUR",2026-12-09,1
"EUR",2026-12-10,1
"EUR",2026-12-11,1
"EUR",2026-12-12,1
"EUR",2026-12-13,1
"EUR",2026-12-14,1
"EUR",2026-12-15,1
"EUR",2026-12-16,1
"EUR",2026-12-17,1
"EUR",2026-12-18,1
"EUR",2026-12-19,1
"EUR",2026-12-20,1
"EUR",2026-12-21,1
"EUR",2026-12-22,1
"EUR",2026-12-23,1
"EUR",2026-12-24,1
"EUR",2026-12-25,1
"EUR",2026-12-26,1
"EUR",2026-12-27,1
"EUR",2026-12-28,1
"EUR",2026-12-29,1
"EUR",2026-12-30,1
"EUR",2026-12-31,1
"EUR",2024-01-01,1
"EUR",2024-01-02,1
"EUR",2024-01-03,1
"EUR",2024-01-04,1
"EUR",2024-01-05,1
"EUR",2024-01-06,1
"EUR",2024-01-07,1
"EUR",2024-01-08,1
"EUR",2024-01-09,1
"EUR",2024-01-10,1
"EUR",2024-01-11,1
"EUR",2024-01-12,1
"EUR",2024-01-13,1
"EUR",2024-01-14,1
"EUR",2024-01-15,1
"EUR",2024-01-16,1
"EUR",2024-01-17,1
"EUR",2024-01-18,1
"EUR",2024-01-19,1
"EUR",2024-01-20,1
"EUR",2024-01-21,1
"EUR",2024-01-22,1
"EUR",2024-01-23,1
"EUR",2024-01-24,1
"EUR",2024-01-25,1
"EUR",2024-01-26,1
"EUR",2024-01-27,1
"EUR",2024-01-28,1
"EUR",2024-01-29,1
"EUR",2024-01-30,1
"EUR",2024-01-31,1
"EUR",2024-02-01,1
"EUR",2024-02-02,1
"EUR",2024-02-03,1
"EUR",2024-02-04,1
"EUR",2024-02-05,1
"EUR",2024-02-06,1
"EUR",2024-02-07,1
"EUR",2024-02-08,1
"EUR",2024-02-09,1
"EUR",2024-02-10,1
"EUR",2024-02-11,1
"EUR",2024-02-12,1
"EUR",2024-02-13,1
"EUR",2024-02-14,1
"EUR",2024-02-15,1
"EUR",2024-02-16,1
"EUR",2024-02-17,1
"EUR",2024-02-18,1
"EUR",2024-02-19,1
"EUR",2024-02-20,1
"EUR",2024-02-21,1
"EUR",2024-02-22,1
"EUR",2024-02-23,1
"EUR",2024-02-24,1
"EUR",2024-02-25,1
"EUR",2024-02-26,1
"EUR",2024-02-27,1
"EUR",2024-02-28,1
"EUR",2024-02-29,1
"EUR",2024-03-01,1
"EUR",2024-03-02,1
"EUR",2024-03-03,1
"EUR",2024-03-04,1
"EUR",2024-03-05,1
"EUR",2024-03-06,1
"EUR",2024-03-07,1
"EUR",2024-03-08,1
"EUR",2024-03-09,1
"EUR",2024-03-10,1
"EUR",2024-03-11,1
"EUR",2024-03-12,1
"EUR",2024-03-13,1
"EUR",2024-03-14,1
